Midwest Regional Housing Affordability Index,,,,,,,,,,,
Annual and Monthly 1989 - Present,,,,,,,,,,,
,,,,,,,,,,,
Existing Home Sales Program © 2019,,,,,,,,,,,
National Association of REALTORS ® Research Team,,,,,,,,,,,
"500 New Jersey Avenue, Washington, DC 20001",,,,,,,,,,,
"Existing Home Sales data are provided by NAR solely for use as a reference. No part of the data may be reproduced, stored in a retrieval system, transmitted or",,,,,,,,,,,
"redistributed in any form or by any means, electronic, mechanical, photocopying, recording or otherwise, without NAR's prior written consent. ",,,,,,,,,,,
,,,,,,,,,,,
, Med-Price ,Monthly,Princp.&,Median,,,,,,,
, Single-Fam ,Mortgage,Interest,as %, Family ,Qualifying,,Last,Last,,
, Home ,Rate*,Payment,Income, Income ,Income**,Composite,Month,Year,,
,,,,,,,,,,,
1989," 73,100 ",10.30,517.0,17.9," 34,613 ",24816.0,139.5,,,,
1990," 76,700 ",10.15,535.0,17.8," 36,188 ",25680.0,140.9,,,,
1991," 81,000 ",9.26,524.0,17.1," 36,759 ",25152.0,146.1,,,,
1992," 84,600 ",8.11,492.0,15.9," 37,063 ",23616.0,156.9,,,,
1993," 87,600 ",7.02,459.0,14.5," 37,942 ",22032.0,172.2,,,,
1994," 90,900 ",7.58,503.0,15.2," 39,760 ",24144.0,164.7,,,,
1995," 96,500 ",7.71,541.0,14.9," 43,470 ",25968.0,167.4,,,,
1996," 102,800 ",7.64,573.0,15.3," 44,957 ",27504.0,163.5,,,,
1997," 108,900 ",7.52,600.0,15.4," 46,734 ",28800.0,162.3,,,,
1998," 116,300 ",7.01,620.0,15.0," 49,552 ",29760.0,166.5,,,,
1999," 121,600 ",7.37,672.0,15.6," 51,702 ",32256.0,160.3,,,,
2000," 125,600 ",8.01,738.0,16.3," 54,203 ",35424.0,153,,,,
2001," 132,300 ",7.00,704.0,15.6," 54,096 ",33792.0,160.1,,,,
2002," 138,300 ",6.45,696.0,15.4," 54,336 ",33408.0,162.6,,,,
2003," 143,700 ",5.74,670.0,14.5," 55,613 ",32160.0,172.9,,,,
2004," 151,500 ",5.73,706.0,15.0," 56,358 ",33888.0,166.3,,,,
2005," 168,300 ",5.91,799.0,16.7," 57,453 ",38352.0,149.8,,,,
2006," 164,800 ",6.57,839.0,16.8," 59,886 ",40272.0,148.7,,,,
2007," 161,400 ",6.55,820.0,16.2," 60,837 ",39360.0,154.6,,,,
2008," 150,500 ",6.14,733.0,14.0," 62,868 ",35184.0,178.7,,,,
2009," 142,900 ",5.20,628.0,12.5," 60,500 ",30144.0,200.7,,,,
2010," 140,800 ",4.96,602.0,12.0," 60,155 ",28896.0,208.2,,,,
2011," 135,800 ",4.70,563.0,11.0," 61,429 ",27024.0,227.3,,,,
2012," 143,700 ",3.83,538.0,10.3," 62,746 ",25824.0,243,,,,
2013," 155,700 ",4.03,597.0,11.2," 64,159 ",28656.0,223.9,,,,
2014," 164,200 ",4.37,655.0,11.9," 65,990 ",31440.0,209.9,,,,
2015," 175,500 ",4.07,676.0,11.9," 68,369 ",32448.0,210.7,,,,
2016," 184,400 ",3.97,702.0,11.9," 70,966 ",33696.0,210.6,,,,
2017," 196,200 ",4.28,775.0,12.7," 73,222 ",37200.0,196.8,,,,
2018," 201,700 ",4.82,849.0,13.5," 75,328 ",40752.0,184.8,,,,
2019," 214,500 ",4.09,828.0,12.8," 77,654 ",39744.0,195.4,,,,
,,,,,,,,,,,
1989.01," 68,200 ",9.90,469.0,17.0," 33,977 ",22512.0,146.7,,,,
1989.02," 70,100 ",10.10,494.0,17.9," 34,040 ",23712.0,139.9,146.7,,,
1989.03," 69,600 ",10.18,497.0,17.9," 34,167 ",23856.0,139.7,139.9,,,
1989.04," 71,400 ",10.44,513.0,18.4," 34,294 ",24624.0,136.0,139.7,,,
1989.05," 72,500 ",10.55,518.0,18.5," 34,421 ",24864.0,135.2,136.0,,,
1989.06," 75,000 ",10.64,542.0,19.3," 34,549 ",26016.0,129.8,135.2,,,
1989.07," 74,800 ",10.43,536.0,19.0," 34,677 ",25728.0,131.7,129.8,,,
1989.08," 74,100 ",10.19,521.0,18.4," 34,806 ",25008.0,136.0,131.7,,,
1989.09," 74,200 ",10.18,520.0,18.3," 34,935 ",24960.0,136.9,136.0,,,
1989.10," 73,100 ",10.24,518.0,18.1," 35,065 ",24864.0,138.1,136.9,,,
1989.11," 72,900 ",10.23,515.0,17.9," 35,195 ",24720.0,139.4,138.1,,,
1989.12," 75,100 ",10.02,516.0,17.9," 35,326 ",24768.0,139.7,139.4,,,
1990.01," 74,400 ",10.10,520.0,18.0," 35,457 ",24960.0,139.1,139.7,146.7,,
1990.02," 74,800 ",9.99,523.0,18.0," 35,589 ",25104.0,139.0,139.1,139.9,,
1990.03," 74,300 ",10.13,528.0,18.1," 35,721 ",25344.0,138.1,139.0,139.7,,
1990.04," 77,400 ",10.27,548.0,18.7," 35,854 ",26304.0,133.6,138.1,136,,
1990.05," 76,500 ",10.32,536.0,18.3," 35,987 ",25728.0,137.0,133.6,135.2,,
1990.06," 79,500 ",10.21,554.0,18.8," 36,121 ",26592.0,133.0,137.0,129.8,,
1990.07," 78,800 ",10.23,555.0,18.8," 36,212 ",26640.0,133.3,133.0,131.7,,
1990.08," 77,100 ",10.14,541.0,18.2," 36,259 ",25968.0,137.4,133.3,136,,
1990.09," 77,200 ",10.23,543.0,18.2," 36,306 ",26064.0,137.3,137.4,136.9,,
1990.10," 74,600 ",10.06,521.0,17.4," 36,354 ",25008.0,143.7,137.3,138.1,,
1990.11," 74,200 ",10.15,521.0,17.3," 36,401 ",25008.0,144.1,143.7,139.4,,
1990.12," 75,300 ",9.95,515.0,17.1," 36,449 ",24720.0,146.5,144.1,139.7,,
1991.01," 77,200 ",10.00,536.0,17.7," 36,496 ",25728.0,140.9,146.5,139.1,,
1991.02," 77,600 ",9.99,542.0,17.9," 36,544 ",26016.0,139.4,140.9,139,,
1991.03," 79,200 ",9.81,548.0,18.1," 36,592 ",26304.0,138.2,139.4,138.1,,
1991.04," 80,700 ",9.79,548.0,18.1," 36,639 ",26304.0,138.2,138.2,133.6,,
1991.05," 81,100 ",9.77,543.0,17.9," 36,687 ",26064.0,139.7,138.2,137,,
1991.06," 82,700 ",9.37,537.0,17.7," 36,735 ",25776.0,141.6,139.7,133,,
1991.07," 82,600 ",9.37,541.0,17.8," 36,772 ",25968.0,140.7,141.6,133.3,,
1991.08," 82,200 ",8.97,521.0,17.1," 36,797 ",25008.0,146.3,140.7,137.4,,
1991.09," 79,700 ",8.80,496.0,16.2," 36,822 ",23808.0,153.9,146.3,137.3,,
1991.10," 79,800 ",8.61,491.0,16.1," 36,847 ",23568.0,155.6,153.9,143.7,,
1991.11," 80,600 ",8.39,485.0,15.8," 36,873 ",23280.0,157.8,155.6,144.1,,
1991.12," 81,800 ",8.21,479.0,15.6," 36,898 ",22992.0,159.9,157.8,146.5,,
1992.01," 81,500 ",8.33,488.0,15.9," 36,923 ",23424.0,157.1,159.9,140.9,,
1992.02," 82,700 ",8.55,509.0,16.6," 36,949 ",24432.0,150.7,157.1,139.4,,
1992.03," 82,100 ",8.60,510.0,16.6," 36,974 ",24480.0,150.5,150.7,138.2,,
1992.04," 83,400 ",8.59,509.0,16.6," 36,999 ",24432.0,151.0,150.5,138.2,,
1992.05," 85,200 ",8.40,505.0,16.4," 37,025 ",24240.0,152.3,151.0,139.7,,
1992.06," 86,100 ",8.16,501.0,16.2," 37,050 ",24048.0,153.9,152.3,141.6,,
1992.07," 84,300 ",7.89,482.0,15.6," 37,099 ",23136.0,159.9,153.9,140.7,,
1992.08," 84,800 ",7.71,478.0,15.5," 37,172 ",22944.0,161.5,159.9,146.3,,
1992.09," 85,400 ",7.56,473.0,15.3," 37,244 ",22704.0,163.5,161.5,153.9,,
1992.10," 84,400 ",7.78,481.0,15.5," 37,317 ",23088.0,160.9,163.5,155.6,,
1992.11," 84,600 ",8.00,490.0,15.8," 37,390 ",23520.0,157.9,160.9,157.8,,
1992.12," 84,700 ",7.81,478.0,15.4," 37,463 ",22944.0,162.2,157.9,159.9,,
1993.01," 82,700 ",7.55,460.0,14.8," 37,537 ",22080.0,168.8,162.2,157.1,,
1993.02," 82,900 ",7.28,452.0,14.5," 37,610 ",21696.0,172.0,168.8,150.7,,
1993.03," 84,800 ",7.23,462.0,14.8," 37,684 ",22176.0,168.4,172.0,150.5,,
1993.04," 86,800 ",7.13,461.0,14.8," 37,757 ",22128.0,169.2,168.4,151,,
1993.05," 88,600 ",7.15,466.0,14.9," 37,831 ",22368.0,167.8,169.2,152.3,,
1993.06," 90,100 ",7.05,470.0,15.0," 37,905 ",22560.0,166.5,167.8,153.9,,
1993.07," 87,800 ",6.93,457.0,14.6," 38,016 ",21936.0,171.7,166.5,159.9,,
1993.08," 87,800 ",6.91,457.0,14.5," 38,165 ",21936.0,171.9,171.7,161.5,,
1993.09," 87,100 ",6.67,441.0,14.0," 38,314 ",21168.0,178.3,171.9,163.5,,
1993.10," 87,600 ",6.61,444.0,14.1," 38,464 ",21312.0,177.5,178.3,160.9,,
1993.11," 88,200 ",6.89,458.0,14.5," 38,614 ",21984.0,172.3,177.5,157.9,,
1993.12," 89,000 ",6.80,454.0,14.4," 38,765 ",21792.0,174.0,172.3,162.2,,
1994.01," 88,200 ",6.72,452.0,14.2," 38,916 ",21696.0,175.8,174.0,168.8,,
1994.02," 86,500 ",6.87,453.0,14.2," 39,068 ",21744.0,176.0,175.8,172,,
1994.03," 86,500 ",7.29,475.0,14.8," 39,221 ",22800.0,168.6,176.0,168.4,,
1994.04," 89,700 ",7.64,501.0,15.6," 39,374 ",24048.0,160.2,168.6,169.2,,
1994.05," 91,400 ",7.84,514.0,16.0," 39,528 ",24672.0,156.7,160.2,167.8,,
1994.06," 94,500 ",7.54,518.0,16.0," 39,683 ",24864.0,156.4,156.7,166.5,,
1994.07," 93,200 ",7.70,523.0,16.1," 39,908 ",25104.0,155.4,156.4,171.7,,
1994.08," 92,900 ",7.67,521.0,16.0," 40,206 ",25008.0,156.6,155.4,171.9,,
1994.09," 90,500 ",7.64,505.0,15.4," 40,506 ",24240.0,162.3,156.6,178.3,,
1994.10," 89,500 ",7.84,513.0,15.6," 40,808 ",24624.0,160.3,162.3,177.5,,
1994.11," 89,600 ",7.94,516.0,15.6," 41,113 ",24768.0,159.9,160.3,172.3,,
1994.12," 92,700 ",8.24,545.0,16.5," 41,420 ",26160.0,152.0,159.9,174,,
1995.01," 89,600 ",8.17,529.0,15.8," 41,729 ",25392.0,157.8,152.0,175.8,,
1995.02," 88,300 ",8.10,521.0,15.5," 42,040 ",25008.0,161.3,157.8,176,,
1995.03," 89,100 ",8.00,524.0,15.4," 42,354 ",25152.0,161.9,161.3,168.6,,
1995.04," 91,200 ",7.91,523.0,15.3," 42,670 ",25104.0,163.2,161.9,160.2,,
1995.05," 95,300 ",7.66,527.0,15.3," 42,988 ",25296.0,163.2,163.2,156.7,,
1995.06," 98,500 ",7.55,540.0,15.6," 43,309 ",25920.0,160.5,163.2,156.4,,
1995.07," 99,400 ",7.64,555.0,15.9," 43,531 ",26640.0,157.5,160.5,155.4,,
1995.08," 100,200 ",7.81,570.0,16.2," 43,653 ",27360.0,154.5,157.5,156.6,,
1995.09," 99,600 ",7.58,552.0,15.6," 43,776 ",26496.0,160.6,154.5,162.3,,
1995.10," 97,400 ",7.47,538.0,15.1," 43,899 ",25824.0,165.9,160.6,160.3,,
1995.11," 98,300 ",7.45,540.0,15.0," 44,022 ",25920.0,166.5,165.9,159.9,,
1995.12," 98,900 ",7.12,522.0,14.4," 44,145 ",25056.0,173.5,166.5,152,,
1996.01," 98,800 ",7.16,529.0,14.6," 44,269 ",25392.0,171.7,173.5,157.8,,
1996.02," 97,000 ",7.21,525.0,14.4," 44,394 ",25200.0,173.5,171.7,161.3,,
1996.03," 98,300 ",7.65,559.0,15.3," 44,518 ",26832.0,163.5,173.5,161.9,,
1996.04," 101,100 ",7.82,575.0,15.7," 44,643 ",27600.0,159.2,163.5,163.2,,
1996.05," 103,000 ",7.79,577.0,15.7," 44,768 ",27696.0,159.2,159.2,163.2000 ,,
1996.06," 107,000 ",7.97,611.0,16.6," 44,894 ",29328.0,150.7,159.2,160.5000 ,,
1996.07," 105,100 ",7.85,598.0,16.2," 45,030 ",28704.0,154.4,150.7,157.5000 ,,
1996.08," 104,900 ",7.77,594.0,16.0," 45,175 ",28512.0,156.0,154.4,154.5000 ,,
1996.09," 103,300 ",7.90,590.0,15.9," 45,322 ",28320.0,157.4,156.0,160.6000 ,,
1996.10," 100,200 ",7.61,561.0,15.1," 45,468 ",26928.0,165.9,157.4,165.9,,
1996.11," 101,800 ",7.46,560.0,15.0," 45,615 ",26880.0,166.8,165.9,166.5,,
1996.12," 105,200 ",7.48,576.0,15.4," 45,763 ",27648.0,162.7,166.8,173.5,,
1997.01," 103,000 ",7.59,576.0,15.3," 45,911 ",27648.0,163.2,162.7,171.7,,
1997.02," 101,900 ",7.49,567.0,15.0," 46,060 ",27216.0,166.3,163.2,173.5,,
1997.03," 103,400 ",7.77,594.0,15.7," 46,209 ",28512.0,159.2,166.3,163.5,,
1997.04," 105,800 ",7.93,608.0,16.0," 46,358 ",29184.0,156.0,159.2,159.2,,
1997.05," 108,600 ",7.80,609.0,16.0," 46,508 ",29232.0,156.4,156.0,159.2,,
1997.06," 112,400 ",7.60,619.0,16.2," 46,659 ",29712.0,154.3,156.4,150.7,,
1997.07," 110,500 ",7.46,606.0,15.8," 46,848 ",29088.0,158.2,154.3,154.4,,
1997.08," 112,600 ",7.43,616.0,16.0," 47,077 ",29568.0,156.0,158.2,156,,
1997.09," 110,200 ",7.40,600.0,15.5," 47,308 ",28800.0,160.8,156.0,157.4,,
1997.10," 107,900 ",7.31,587.0,15.2," 47,539 ",28176.0,164.8,160.8,165.9,,
1997.11," 108,800 ",7.26,587.0,15.1," 47,772 ",28176.0,165.4,164.8,166.8,,
1997.12," 110,500 ",7.22,590.0,15.1," 48,005 ",28320.0,165.1,165.4,162.7,,
1998.01," 110,400 ",7.12,595.0,14.8," 48,240 ",28560.0,168.9,165.1,163.2,,
1998.02," 107,600 ",7.14,581.0,14.4," 48,476 ",27888.0,173.8,168.9,166.3,,
1998.03," 111,000 ",7.16,600.0,14.8," 48,713 ",28800.0,169.1,173.8,159.2,,
1998.04," 113,100 ",7.14,610.0,15.0," 48,951 ",29280.0,167.2,169.1,156,,
1998.05," 116,900 ",7.13,630.0,15.4," 49,191 ",30240.0,162.7,167.2,156.4,,
1998.06," 120,800 ",7.03,645.0,15.7," 49,431 ",30960.0,159.7,162.7,154.3,,
1998.07," 119,000 ",7.01,634.0,15.3," 49,640 ",30432.0,163.1,159.7,158.2,,
1998.08," 118,800 ",6.99,632.0,15.2," 49,816 ",30336.0,164.2,163.1,156,,
1998.09," 117,800 ",6.78,613.0,14.7," 49,992 ",29424.0,169.9,164.2,160.8,,
1998.10," 115,300 ",6.82,603.0,14.4," 50,170 ",28944.0,173.3,169.9,164.8,,
1998.11," 117,100 ",6.92,618.0,14.7," 50,348 ",29664.0,169.7,173.3,165.4,,
1998.12," 117,100 ",6.84,613.0,14.6," 50,526 ",29424.0,171.7,169.7,165.1,,
1999.01," 116,000 ",6.84,607.0,14.4," 50,705 ",29136.0,174.0,171.7,168.9,,
1999.02," 113,000 ",6.90,595.0,14.0," 50,885 ",28560.0,178.2,174.0,173.8,,
1999.03," 115,100 ",7.06,616.0,14.5," 51,066 ",29568.0,172.7,178.2,169.1,,
1999.04," 118,000 ",6.96,626.0,14.7," 51,247 ",30048.0,170.6,172.7,167.2,,
1999.05," 121,000 ",7.14,653.0,15.2," 51,428 ",31344.0,164.1,170.6,162.7,,
1999.06," 126,400 ",7.50,707.0,16.4," 51,611 ",33936.0,152.1,164.1,159.7,,
1999.07," 125,300 ",7.47,699.0,16.2," 51,804 ",33552.0,154.4,152.1,163.1,,
1999.08," 125,700 ",7.75,720.0,16.6," 52,008 ",34560.0,150.5,154.4,164.2,,
1999.09," 123,100 ",7.66,699.0,16.1," 52,213 ",33552.0,155.6,150.5,169.9,,
1999.10," 121,200 ",7.73,693.0,15.9," 52,419 ",33264.0,157.6,155.6,173.3,,
1999.11," 120,500 ",7.64,683.0,15.6," 52,626 ",32784.0,160.5,157.6,169.7,,
1999.12," 121,600 ",7.75,697.0,15.8," 52,834 ",33456.0,157.9,160.5,171.7,,
2000.01," 122,100 ",8.00,717.0,16.2," 53,042 ",34416.0,154.1,157.9,174,,
2000.02," 116,700 ",8.09,691.0,15.6," 53,251 ",33168.0,160.5,154.1,178.2,,
2000.03," 118,300 ",7.98,693.0,15.6," 53,461 ",33264.0,160.7,160.5,172.7,,
2000.04," 121,300 ",8.08,717.0,16.0," 53,672 ",34416.0,156.0,160.7,170.6,,
2000.05," 122,700 ",8.43,750.0,16.7," 53,884 ",36000.0,149.7,156.0,164.1,,
2000.06," 130,100 ",8.20,778.0,17.3," 54,097 ",37344.0,144.9,149.7,152.1,,
2000.07," 130,900 ",8.09,775.0,17.2," 54,199 ",37200.0,145.7,144.9,154.4,,
2000.08," 131,100 ",8.02,771.0,17.1," 54,190 ",37008.0,146.4,145.7,150.5,,
2000.09," 129,900 ",8.00,763.0,16.9," 54,181 ",36624.0,147.9,146.4,155.6,,
2000.10," 121,100 ",7.92,705.0,15.6," 54,172 ",33840.0,160.1,147.9,157.6,,
2000.11," 118,700 ",7.84,686.0,15.2," 54,163 ",32928.0,164.5,160.1,160.5,,
2000.12," 123,500 ",7.41,685.0,15.2," 54,154 ",32880.0,164.7,164.5,157.9,,
2001.01," 123,300 ",7.14,666.0,14.8," 54,145 ",31968.0,169.4,164.7,154.1,,
2001.02," 123,100 ",7.15,665.0,14.7," 54,136 ",31920.0,169.6,169.4,160.5,,
2001.03," 125,000 ",7.04,668.0,14.8," 54,127 ",32064.0,168.8,169.6,160.7,,
2001.04," 123,800 ",7.15,669.0,14.8," 54,118 ",32112.0,168.5,168.8,156,,
2001.05," 128,500 ",7.18,696.0,15.4," 54,109 ",33408.0,162.0,168.5,149.7,,
2001.06," 133,200 ",7.15,720.0,16.0," 54,100 ",34560.0,156.5,162.0,144.9,,
2001.07," 139,800 ",7.16,756.0,16.8," 54,092 ",36288.0,149.1,156.5,145.7,,
2001.08," 136,100 ",6.95,721.0,16.0," 54,083 ",34608.0,156.3,149.1,146.4,,
2001.09," 132,200 ",6.77,687.0,15.2," 54,074 ",32976.0,164.0,156.3,147.9,,
2001.10," 126,200 ",6.55,641.0,14.2," 54,065 ",30768.0,175.7,164.0,160.1,,
2001.11," 125,200 ",6.69,646.0,14.3," 54,056 ",31008.0,174.3,175.7,164.5,,
2001.12," 133,700 ",7.06,716.0,15.9," 54,047 ",34368.0,157.3,174.3,164.7,,
2002.01," 129,700 ",6.90,683.0,15.3," 53,464 ",32784.0,163.1,157.3,169.4,,
2002.02," 128,800 ",6.64,661.0,14.8," 53,479 ",31728.0,168.6,163.1,169.6,,
2002.03," 127,400 ",6.86,669.0,15.0," 53,502 ",32112.0,166.6,168.6,168.8,,
2002.04," 131,200 ",6.76,681.0,15.3," 53,564 ",32688.0,163.9,166.6,168.5,,
2002.05," 135,100 ",6.54,686.0,15.4," 53,588 ",32928.0,162.7,163.9,162,,
2002.06," 141,100 ",6.36,703.0,15.7," 53,624 ",33744.0,158.9,162.7,156.5,,
2002.07," 142,900 ",6.19,699.0,15.6," 53,602 ",33552.0,159.8,158.9,149.1,,
2002.08," 140,700 ",6.44,707.0,15.8," 53,607 ",33936.0,158.0,159.8,156.3,,
2002.09," 141,700 ",6.30,702.0,15.7," 53,623 ",33696.0,159.1,158.0,164,,
2002.10," 139,100 ",6.16,679.0,15.2," 53,649 ",32592.0,164.6,159.1,175.7,,
2002.11," 140,300 ",6.10,680.0,15.2," 53,675 ",32640.0,164.4,164.6,174.3,,
2002.12," 140,800 ",6.11,683.0,15.3," 53,718 ",32784.0,163.9,164.4,157.3,,
2003.01," 133,600 ",5.94,637.0,14.2," 53,974 ",30576.0,176.5,163.9,163.1,,
2003.02," 134,500 ",5.89,638.0,14.2," 54,095 ",30624.0,176.6,176.5,168.6,,
2003.03," 137,200 ",5.77,642.0,14.2," 54,299 ",30816.0,176.2,176.6,166.6,,
2003.04," 137,900 ",5.71,641.0,14.1," 54,410 ",30768.0,176.8,176.2,163.9,,
2003.05," 142,500 ",5.58,653.0,14.3," 54,656 ",31344.0,174.4,176.8,162.7,,
2003.06," 150,100 ",5.33,669.0,14.6," 54,807 ",32112.0,170.7,174.4,158.9,,
2003.07," 149,900 ",5.33,668.0,14.6," 54,848 ",32064.0,171.1,170.7,159.8,,
2003.08," 152,100 ",5.77,712.0,15.5," 54,995 ",34176.0,160.9,171.1,158,,
2003.09," 146,200 ",5.94,697.0,15.2," 55,189 ",33456.0,165.0,160.9,159.1,,
2003.10," 141,700 ",5.89,672.0,14.6," 55,417 ",32256.0,171.8,165.0,164.6,,
2003.11," 143,500 ",5.86,678.0,14.6," 55,690 ",32544.0,171.1,171.8,164.4,,
2003.12," 144,600 ",5.86,683.0,14.7," 55,820 ",32784.0,170.3,171.1,163.9,,
2004.01," 135,600 ",5.70,630.0,13.7," 55,208 ",30240.0,182.6,170.3,176.5,,
2004.02," 140,700 ",5.73,655.0,14.2," 55,251 ",31440.0,175.7,182.6,176.6,,
2004.03," 139,400 ",5.43,628.0,13.6," 55,317 ",30144.0,183.5,175.7,176.2,,
2004.04," 145,900 ",5.38,654.0,14.2," 55,395 ",31392.0,176.5,183.5,176.8,,
2004.05," 154,500 ",5.75,721.0,15.6," 55,505 ",34608.0,160.4,176.5,174.4,,
2004.06," 158,800 ",6.03,764.0,16.5," 55,555 ",36672.0,151.5,160.4,170.7,,
2004.07," 157,500 ",5.96,752.0,16.2," 55,620 ",36096.0,154.1,151.5,171.1,,
2004.08," 157,600 ",5.80,740.0,15.9," 55,708 ",35520.0,156.8,154.1,160.9,,
2004.09," 152,000 ",5.71,707.0,15.2," 55,745 ",33936.0,164.3,156.8,165,,
2004.10," 152,000 ",5.75,710.0,15.3," 55,827 ",34080.0,163.8,164.3,171.8,,
2004.11," 152,300 ",5.72,709.0,15.2," 55,850 ",34032.0,164.1,163.8,171.1,,
2004.12," 154,900 ",5.80,727.0,15.6," 56,042 ",34896.0,160.6,164.1,170.3,,
2005.01," 144,300 ",5.80,677.0,14.5," 56,134 ",32496.0,172.7,160.6,182.6,,
2005.02," 149,300 ",5.71,694.0,14.8," 56,195 ",33312.0,168.7,172.7,175.7,,
2005.03," 152,800 ",5.85,721.0,15.4," 56,248 ",34608.0,162.5,168.7,183.5,,
2005.04," 165,700 ",5.89,785.0,16.7," 56,368 ",37680.0,149.6,162.5,176.5,,
2005.05," 169,900 ",5.84,801.0,17.0," 56,470 ",38448.0,146.9,149.6,160.4,,
2005.06," 176,900 ",5.68,820.0,17.4," 56,589 ",39360.0,143.8,146.9,151.5,,
2005.07," 176,900 ",5.71,822.0,17.4," 56,733 ",39456.0,143.8,143.8,154.1,,
2005.08," 176,700 ",5.85,834.0,17.6," 56,841 ",40032.0,142.0,143.8,156.8,,
2005.09," 171,500 ",5.88,812.0,17.1," 56,947 ",38976.0,146.1,142.0,164.3,,
2005.10," 169,900 ",6.04,818.0,17.2," 57,052 ",39264.0,145.3,146.1,163.8,,
2005.11," 168,300 ",6.30,833.0,17.5," 57,150 ",39984.0,142.9,145.3,164.1,,
2005.12," 168,400 ",6.39,842.0,17.6," 57,256 ",40416.0,141.7,142.9,160.6,,
2006.01," 164,900 ",6.38,823.0,17.1," 57,821 ",39504.0,146.4,141.7,172.7,,
2006.02," 154,800 ",6.39,774.0,16.0," 57,991 ",37152.0,156.1,146.4,168.7,,
2006.03," 157,200 ",6.48,793.0,16.4," 58,124 ",38064.0,152.7,156.1,162.5,,
2006.04," 160,600 ",6.58,819.0,16.9," 58,306 ",39312.0,148.3,152.7,149.6,,
2006.05," 168,900 ",6.63,866.0,17.8," 58,378 ",41568.0,140.4,148.3,146.9,,
2006.06," 172,200 ",6.71,890.0,18.2," 58,544 ",42720.0,137.0,140.4,143.8,,
2006.07," 175,200 ",6.74,908.0,18.6," 58,610 ",43584.0,134.5,137.0,143.8,,
2006.08," 169,000 ",6.81,882.0,18.0," 58,735 ",42336.0,138.7,134.5,142,,
2006.09," 165,700 ",6.60,847.0,17.3," 58,852 ",40656.0,144.8,138.7,146.1,,
2006.10," 162,400 ",6.58,828.0,16.8," 58,971 ",39744.0,148.4,144.8,145.3,,
2006.11," 159,300 ",6.51,806.0,16.4," 59,101 ",38688.0,152.8,148.4,142.9,,
2006.12," 162,600 ",6.39,813.0,16.4," 59,348 ",39024.0,152.1,152.8,141.7,,
2007.01," 156,700 ",6.46,789.0,15.8," 59,879 ",37872.0,158.1,152.1,146.4,,
2007.02," 151,400 ",6.52,767.0,15.3," 60,137 ",36816.0,163.3,158.1,156.1,,
2007.03," 156,600 ",6.48,790.0,15.7," 60,399 ",37920.0,159.3,163.3,152.7,,
2007.04," 159,900 ",6.38,798.0,15.8," 60,497 ",38304.0,157.9,159.3,148.3,,
2007.05," 162,300 ",6.53,823.0,16.3," 60,593 ",39504.0,153.4,157.9,140.4,,
2007.06," 166,500 ",6.66,856.0,16.9," 60,646 ",41088.0,147.6,153.4,137,,
2007.07," 171,000 ",6.82,894.0,17.6," 60,818 ",42912.0,141.7,147.6,134.5,,
2007.08," 174,700 ",6.79,910.0,17.9," 60,906 ",43680.0,139.4,141.7,138.7,,
2007.09," 161,800 ",6.60,827.0,16.2," 61,233 ",39696.0,154.3,139.4,144.8,,
2007.10," 156,800 ",6.55,797.0,15.6," 61,376 ",38256.0,160.4,154.3,148.4,,
2007.11," 156,400 ",6.45,787.0,15.3," 61,612 ",37776.0,163.1,160.4,152.8,,
2007.12," 154,900 ",6.33,769.0,14.9," 61,948 ",36912.0,167.8,163.1,152.1,,
2008.01," 144,300 ",6.02,694.0,13.4," 62,335 ",33312.0,187.1,167.8,158.1,,
2008.02," 137,000 ",5.90,650.0,12.5," 62,491 ",31200.0,200.3,187.1,163.3,,
2008.03," 145,100 ",6.06,700.0,13.4," 62,730 ",33600.0,186.7,200.3,159.3,,
2008.04," 153,400 ",5.99,735.0,14.1," 62,675 ",35280.0,177.7,186.7,157.9,,
2008.05," 158,900 ",6.10,770.0,14.7," 63,046 ",36960.0,170.6,177.7,153.4,,
2008.06," 169,800 ",6.25,836.0,15.8," 63,314 ",40128.0,157.8,170.6,147.6,,
2008.07," 165,100 ",6.46,831.0,15.8," 63,079 ",39888.0,158.1,157.8,141.7,,
2008.08," 164,800 ",6.51,834.0,15.8," 63,221 ",40032.0,157.9,158.1,139.4,,
2008.09," 146,900 ",6.26,724.0,13.7," 63,248 ",34752.0,182.0,157.9,154.3,,
2008.10," 141,500 ",6.26,698.0,13.3," 63,102 ",33504.0,188.3,182.0,160.4,,
2008.11," 138,500 ",6.29,685.0,13.1," 62,846 ",32880.0,191.1,188.3,163.1,,
2008.12," 138,400 ",5.62,637.0,12.3," 62,334 ",30576.0,203.9,191.1,167.8,,
2009.01," 129,200 ",5.39,580.0,11.5," 60,458 ",27840.0,217.2,203.9,187.1,,
2009.02," 128,300 ",5.19,563.0,11.4," 59,498 ",27024.0,220.2,217.2,200.3,,
2009.03," 137,300 ",5.26,607.0,12.3," 59,226 ",29136.0,203.3,220.2,186.7,,
2009.04," 137,600 ",5.05,594.0,11.9," 59,916 ",28512.0,210.1,203.3,177.7,,
2009.05," 146,200 ",5.01,629.0,12.4," 60,682 ",30192.0,201.0,210.1,170.6,,
2009.06," 155,400 ",5.20,683.0,13.5," 60,772 ",32784.0,185.4,201.0,157.8,,
2090.07," 155,600 ",5.39,698.0,13.9," 60,328 ",33504.0,180.1,185.4,158.1,,
2009.08," 148,400 ",5.43,669.0,13.2," 60,606 ",32112.0,188.7,180.1,157.9,,
2009.09," 146,300 ",5.27,648.0,12.8," 60,561 ",31104.0,194.7,188.7,182,,
2009.10," 143,800 ",5.14,627.0,12.4," 60,660 ",30096.0,201.6,194.7,188.3,,
2009.11," 138,500 ",5.09,601.0,11.8," 61,300 ",28848.0,212.5,201.6,191.1,,
2009.12," 133,100 ",4.93,567.0,11.0," 61,990 ",27216.0,227.8,212.5,203.9,,
2010.01," 127,200 ",5.10,553.0,11.0," 60,439 ",26544.0,227.7,227.8,217.2,,
2010.02," 126,700 ",5.26,560.0,11.1," 60,409 ",26880.0,224.7,227.7,220.2,,
2010.03," 134,000 ",5.19,588.0,11.7," 60,347 ",28224.0,213.8,224.7,203.3,,
2010.04," 139,700 ",5.19,613.0,12.2," 60,256 ",29424.0,204.8,213.8,210.1,,
2010.05," 148,200 ",5.18,650.0,13.0," 60,180 ",31200.0,192.9,204.8,201,,
2010.06," 155,600 ",5.10,676.0,13.5," 60,162 ",32448.0,185.4,192.9,185.4,,
2010.07," 150,900 ",5.02,650.0,13.0," 60,123 ",31200.0,192.7,185.4,180.1,,
2010.08," 146,800 ",4.78,615.0,12.3," 60,055 ",29520.0,203.4,192.7,188.7,,
2010.09," 138,800 ",4.61,570.0,11.4," 60,050 ",27360.0,219.5,203.4,194.7,,
2010.10," 138,900 ",4.67,574.0,11.5," 59,978 ",27552.0,217.7,219.5,201.6,,
2010.11," 138,600 ",4.66,572.0,11.4," 59,961 ",27456.0,218.4,217.7,212.5,,
2010.12," 140,100 ",4.70,581.0,11.6," 59,894 ",27888.0,214.8,218.4,227.8,,
2011.01," 126,400 ",4.78,529.0,10.4," 61,216 ",25392.0,241.1,214.8,227.7,,
2011.02," 120,600 ",4.80,506.0,9.9," 61,291 ",24288.0,252.4,241.1,224.7,,
2011.03," 126,000 ",4.89,534.0,10.5," 61,315 ",25632.0,239.2,252.4,213.8,,
2011.04," 131,500 ",4.88,557.0,10.9," 61,379 ",26736.0,229.6,239.2,204.8,,
2011.05," 139,100 ",4.91,591.0,11.6," 61,385 ",28368.0,216.4,229.6,192.9,,
2011.06," 146,300 ",4.74,610.0,11.9," 61,423 ",29280.0,209.8,216.4,185.4,,
2011.07," 146,700 ",4.82,617.0,12.0," 61,493 ",29616.0,207.6,209.8,192.7,,
2011.08," 142,100 ",4.99,610.0,11.9," 61,484 ",29280.0,210.0,207.6,203.4,,
2011.09," 136,400 ",4.73,568.0,11.1," 61,500 ",27264.0,225.6,210.0,219.5,,
2011.10," 132,800 ",4.22,521.0,10.2," 61,565 ",25008.0,246.2,225.6,217.7,,
2011.11," 133,000 ",4.50,539.0,10.5," 61,519 ",25872.0,237.8,246.2,218.4,,
2011.12," 129,400 ",4.15,503.0,9.8," 61,574 ",24144.0,255.0,237.8,214.8,,
2012.01," 121,900 ",4.55,497.0,9.6," 62,123 ",23856.0,260.4,255.0,241.1,,
2012.02," 120,500 ",4.26,475.0,9.1," 62,307 ",22800.0,273.3,260.4,252.4,,
2012.03," 132,200 ",3.96,502.0,9.6," 62,425 ",24096.0,259.1,273.3,239.2,,
2012.04," 140,600 ",3.94,533.0,10.2," 62,537 ",25584.0,244.4,259.1,229.6,,
2012.05," 148,700 ",3.94,564.0,10.8," 62,530 ",27072.0,231.0,244.4,216.4,,
2012.06," 157,500 ",3.81,588.0,11.3," 62,549 ",28224.0,221.6,231.0,209.8,,
2012.07," 155,000 ",3.77,576.0,11.0," 62,638 ",27648.0,226.6,221.6,207.6,,
2012.08," 152,200 ",3.65,557.0,10.7," 62,645 ",26736.0,234.3,226.6,210,,
2012.09," 146,300 ",3.67,537.0,10.3," 62,833 ",25776.0,243.8,234.3,225.6,,
2012.10," 142,300 ",3.55,514.0,9.8," 63,061 ",24672.0,255.6,243.8,246.2,,
2012.11," 143,100 ",3.49,513.0,9.7," 63,367 ",24624.0,257.3,255.6,237.8,,
2012.12," 141,700 ",3.42,504.0,9.5," 63,942 ",24192.0,264.3,257.3,255,,
2013.01," 131,400 ",3.46,470.0,8.9," 63,306 ",22560.0,280.6,264.3,260.4,,
2013.02," 130,700 ",3.58,474.0,9.0," 63,358 ",22752.0,278.5,280.6,273.3,,
2013.03," 142,600 ",3.68,524.0,9.9," 63,460 ",25152.0,252.3,278.5,259.1,,
2013.04," 149,600 ",3.72,552.0,10.4," 63,703 ",26496.0,240.4,252.3,244.4,,
2013.05," 160,700 ",3.57,582.0,10.9," 64,066 ",27936.0,229.3,240.4,231,,
2013.06," 171,600 ",3.71,633.0,11.8," 64,269 ",30384.0,211.5,229.3,221.6,,
2013.07," 169,500 ",4.16,660.0,12.3," 64,254 ",31680.0,202.8,211.5,226.6,,
2013.08," 165,300 ",4.44,665.0,12.4," 64,433 ",31920.0,201.9,202.8,234.3,,
2013.09," 158,400 ",4.60,650.0,12.1," 64,657 ",31200.0,207.2,201.9,243.8,,
2013.10," 154,700 ",4.54,630.0,11.7," 64,645 ",30240.0,213.8,207.2,255.6,,
2013.11," 150,800 ",4.42,606.0,11.2," 64,924 ",29088.0,223.2,213.8,257.3,,
2013.12," 152,100 ",4.51,617.0,11.4," 64,838 ",29616.0,218.9,223.2,264.3,,
2014.01," 140,500 ",4.66,580.0,10.7," 64,946 ",27840.0,233.3,218.9,280.6,,
2014.02," 141,400 ",4.54,576.0,10.6," 65,180 ",27648.0,235.7,233.3,278.5,,
2014.03," 149,600 ",4.43,601.0,11.0," 65,423 ",28848.0,226.8,235.7,252.3,,
2014.04," 156,600 ",4.47,633.0,11.6," 65,588 ",30384.0,215.9,226.8,240.4,,
2014.05," 167,000 ",4.43,671.0,12.2," 65,758 ",32208.0,204.2,215.9,229.3,,
2014.06," 178,500 ",4.31,708.0,12.9," 65,956 ",33984.0,194.1,204.2,211.5,,
2014.07," 176,300 ",4.31,699.0,12.7," 66,112 ",33552.0,197.0,194.1,202.8,,
2014.08," 175,400 ",4.28,693.0,12.5," 66,293 ",33264.0,199.3,197.0,201.9,,
2014.09," 166,600 ",4.24,655.0,11.8," 66,425 ",31440.0,211.3,199.3,207.2,,
2014.10," 164,200 ",4.35,654.0,11.8,"66,577"," 31,392 ",212.1,211.3,213.8,,
2014.11," 161,800 ",4.20,633.0,11.4,"66,732"," 30,384 ",219.6,212.1,223.2,,
2014.12," 159,800 ",4.17,623.0,11.2,"66,893"," 29,904 ",223.7,219.6,218.9,,
2015.01," 151,700 ",4.07,584.0,10.4,"67,417"," 28,032 ",240.5,223.7,233.3,,
2015.02," 153,800 ",3.95,584.0,10.4,"67,644"," 28,032 ",241.3,240.5,235.7,,
2015.03," 164,100 ",3.94,622.0,11.0,"67,649"," 29,856 ",226.6,241.3,226.8,,
2015.04," 172,000 ",3.94,652.0,11.5,"67,960"," 31,296 ",217.2,226.6,215.9,,
2015.05," 182,600 ",3.92,691.0,12.1,"68,275"," 33,168 ",205.8,217.2,204.2,,
2015.06," 190,500 ",3.97,725.0,12.7,"68,482"," 34,800 ",196.8,205.8,194.1,,
2015.07," 185,900 ",4.22,729.0,12.7,"68,678"," 34,992 ",196.3,196.8,197.0,,
2015.08," 181,900 ",4.18,710.0,12.4,"68,775"," 34,080 ",201.8,196.3,199.3,,
2015.09," 175,500 ",4.15,682.0,11.9,"68,824"," 32,736 ",210.2,201.8,211.3,,
2015.10," 172,600 ",4.12,669.0,11.7,"68,889"," 32,112 ",214.5,210.2,212.1,,
2015.11," 170,000 ",4.15,661.0,11.5,"68,852"," 31,728 ",217.0,214.5,219.6,,
2015.12," 171,700 ",4.23,674.0,11.7,"68,978"," 32,352 ",213.2,217.0,223.7,,
2016.01," 165,400 ",4.19,646.0,11.1,"69,715"," 31,008 ",224.8,213.2,240.5,,
2016.02," 162,700 ",4.13,631.0,10.9,"69,692"," 30,288 ",230.1,224.8,241.3,,
2016.03," 173,100 ",3.99,660.0,11.3,"69,979"," 31,680 ",220.9,230.1,226.6,,
2016.04," 181,200 ",3.98,690.0,11.8,"70,241"," 33,120 ",212.1,220.9,217.2,,
2016.05," 191,200 ",3.91,722.0,12.3,"70,376"," 34,656 ",203.1,212.1,205.8,,
2016.06," 199,200 ",3.95,756.0,12.8,"70,670"," 36,288 ",194.7,203.1,196.8,,
2016.07," 195,200 ",3.87,734.0,12.4,"70,903"," 35,232 ",201.2,194.7,196.3,,
2016.08," 192,500 ",3.81,718.0,12.1,"71,187"," 34,464 ",206.6,201.2,201.8,,
2016.09," 187,200 ",3.85,702.0,11.8,"71,631"," 33,696 ",212.6,206.6,210.2,,
2016.10," 182,900 ",3.80,682.0,11.4,"72,069"," 32,736 ",220.2,212.6,214.5,,
2016.11," 181,300 ",3.91,685.0,11.4,"72,350"," 32,880 ",220.0,220.2,217.0,,
2016.12," 178,300 ",4.25,702.0,11.6,"72,778"," 33,696 ",216.0,220.0,213.2,,
2017.01," 173,600 ",4.43,698.0,11.6,"71,942"," 33,504 ",214.7,216.0,224.8,,
2017.02," 172,400 ",4.53,701.0,11.6,"72,223"," 33,648 ",214.6,214.7,230.1,,
2017.03," 183,700 ",4.38,734.0,12.2,"72,449"," 35,232 ",205.6,214.6,220.9,,
2017.04," 194,200 ",4.21,761.0,12.6,"72,559"," 36,528 ",198.6,205.6,212.1,,
2017.05," 203,000 ",4.07,782.0,12.9,"72,812"," 37,536 ",194.0,198.6,203.1,,
2017.06," 213,300 ",4.20,834.0,13.7,"72,859"," 40,032 ",182.0,194.0,194.7,,
2017.07," 206,900 ",4.23,812.0,13.3,"73,093"," 38,976 ",187.5,182.0,201.2,,
2017.08," 203,100 ",4.28,802.0,13.1,"73,368"," 38,496 ",190.6,187.5,206.6,,
2017.09," 197,900 ",4.27,781.0,12.7,"73,778"," 37,488 ",196.8,190.6,212.6,,
2017.10," 193,600 ",4.16,754.0,12.2,"74,157"," 36,192 ",204.9,196.8,220.2,,
2017.11," 195,400 ",4.28,772.0,12.4,"74,512"," 37,056 ",201.1,204.9,220.0,,
2017.12," 192,400 ",4.32,764.0,12.2,"74,909"," 36,672 ",204.3,201.1,216.0,,
2018.01," 188,100 ",4.32,746.0,12.0,"74,418"," 35,808 ",207.8,204.3,214.7,,
2018.02," 180,000 ",4.49,729.0,11.7,"74,592"," 34,992 ",213.2,207.8,214.6,,
2018.03," 192,400 ",4.67,796.0,12.8,"74,789"," 38,208 ",195.7,213.2,205.6,,
2018.04," 200,600 ",4.75,837.0,13.4,"74,907"," 40,176 ",186.4,195.7,198.6,,
2018.05," 210,600 ",4.82,886.0,14.2,"75,076"," 42,528 ",176.5,186.4,194.0,,
2018.06," 217,600 ",4.85,919.0,14.7,"75,274"," 44,112 ",170.6,176.5,182.0,,
2018.07," 210,900 ",4.86,891.0,14.2,"75,480"," 42,768 ",176.5,170.6,187.5,,
2018.08," 207,900 ",4.93,886.0,14.1,"75,670"," 42,528 ",177.9,176.5,190.6,,
2018.09," 200,700 ",4.86,848.0,13.4,"75,678"," 40,704 ",185.9,177.9,196.8,,
2018.10," 198,600 ",5.02,855.0,13.5,"75,816"," 41,040 ",184.7,185.9,204.9,,
2018.11," 199,600 ",5.11,868.0,13.7,"75,893"," 41,664 ",182.2,184.7,201.1,,
2018.12," 192,200 ",5.12,837.0,13.2,"76,339"," 40,176 ",190.0,182.2,204.3,,
2019.01," 191,000 ",4.92,813.0,12.8," 76,440 "," 39,024 ",195.9,190.0,207.8,,
2019.02," 189,900 ",4.70,788.0,12.3," 76,781 "," 37,824 ",203.0,195.9,213.2,,
2019.03," 201,300 ",4.64,829.0,12.9," 77,045 "," 39,792 ",193.6,203.0,195.7,,
2019.04," 211,000 ",4.44,849.0,13.2," 77,238 "," 40,752 ",189.5,193.6,186.4,,
2019.05," 222,600 ",4.11,862.0,13.4," 77,370 "," 41,376 ",187.0,189.5,176.5,"as of May 2019, HAI computation is based on Freddie Mac 30-year fixed rate mortgage contract rates",
2019.06," 231,700 ",3.84,868.0,13.4," 77,591 "," 41,664 ",186.2,187.0,170.6,"as of May 2019, HAI computation is based on Freddie Mac 30-year fixed rate mortgage contract rates",
2019.07," 228,600 ",3.82,854.0,13.2," 77,801 "," 40,992 ",189.8,186.2,176.5,"as of May 2019, HAI computation is based on Freddie Mac 30-year fixed rate mortgage contract rates",
2019.08," 224,500 ",3.66,823.0,12.7," 78,041 "," 39,504 ",197.6,189.8,177.9,"as of May 2019, HAI computation is based on Freddie Mac 30-year fixed rate mortgage contract rates",
2019.09," 213,600 ",3.65,782.0,12.0," 78,173 "," 37,536 ",208.3,197.6,185.9,"as of May 2019, HAI computation is based on Freddie Mac 30-year fixed rate mortgage contract rates",
2019.10," 210,200 ",3.74,778.0,11.9," 78,243 "," 37,344 ",209.5,208.3,184.7,"as of May 2019, HAI computation is based on Freddie Mac 30-year fixed rate mortgage contract rates",
2019.11," 210,200 ",3.75,779.0,11.9," 78,519 "," 37,392 ",210.0,209.5,182.2,"as of May 2019, HAI computation is based on Freddie Mac 30-year fixed rate mortgage contract rates",
2019.12," 208,800 ",3.78,776.0,11.8," 78,610 "," 37,248 ",211.0,210.0,190.0,"as of May 2019, HAI computation is based on Freddie Mac 30-year fixed rate mortgage contract rates",
,,,,,,,,,,,
,,,,,,,,,,,
,,,,,,,,,,,
,,,,,,,,,,,
,,,,,,,,,,,
,,,,,,,,,,,
,,,,,,,,,,,
,,,,,,,,,,,
,,,,,,,,,,,
,,,,,,,,,,,
,,,,,,,,,,,
,,,,,,,,,,,
,,,,,,,,,,,
,,,,,,,,,,,
,,,,,,,,,,,
,,,,,,,,,,,
,,,,,,,,,,,
,,,,,,,,,,,
,,,,,,,,,,,
,,,,,,,,,,,
,,,,,,,,,,,
,,,,,,,,,,,
,,,,,,,,,,,
,,,,,,,,,,,
,,,,,,,,,,,
,,,,,,,,,,,
,,,,,,,,,,,
,,,,,,,,,,,
,,,,,,,,,,,
,,,,,,,,,,,
,,,,,,,,,,,
,,,,,,,,,,,
,,,,,,,,,,,
,,,,,,,,,,,
,,,,,,,,,,,
,,,,,,,,,,,
,,,,,,,,,,,
,,,,,,,,,,,
,,,,,,,,,,,
,,,,,,,,,,,
,,,,,,,,,,,
,,,,,,,,,,,
,,,,,,,,,,,
,,,,,,,,,,,
,,,,,,,,,,,
,,,,,,,,,,,
,,,,,,,,,,,
,,,,,,,,,,,
,,,,,,,,,,,
,,,,,,,,,,,
,,,,,,,,,,,
,,,,,,,,,,,
,,,,,,,,,,,
,,,,,,,,,,,
,,,,,,,,,,,
,,,,,,,,,,,
,,,,,,,,,,,
,,,,,,,,,,,
,,,,,,,,,,,
,,,,,,,,,,,
,,,,,,,,,,,
,,,,,,,,,,,
,,,,,,,,,,,
,,,,,,,,,,,
,,,,,,,,,,,
,,,,,,,,,,,
,,,,,,,,,,,
,,,,,,,,,,,
,,,,,,,,,,,
,,,,,,,,,,,
,,,,,,,,,,,
,,,,,,,,,,,
,,,,,,,,,,,
,,,,,,,,,,,
,,,,,,,,,,,
,,,,,,,,,,,
,,,,,,,,,,,
,,,,,,,,,,,
,,,,,,,,,,,
,,,,,,,,,,,
,,,,,,,,,,,
,,,,,,,,,,,
,,,,,,,,,,,
,,,,,,,,,,,
,,,,,,,,,,,
,,,,,,,,,,,
,,,,,,,,,,,
,,,,,,,,,,,
,,,,,,,,,,,
,,,,,,,,,,,
,,,,,,,,,,,
,,,,,,,,,,,
,,,,,,,,,,,
,,,,,,,,,,,
,,,,,,,,,,,
,,,,,,,,,,,
,,,,,,,,,,,
,,,,,,,,,,,
,,,,,,,,,,,
,,,,,,,,,,,
,,,,,,,,,,,
,,,,,,,,,,,
,,,,,,,,,,,
,,,,,,,,,,,
,,,,,,,,,,,
,,,,,,,,,,,
,,,,,,,,,,,
,,,,,,,,,,,
,,,,,,,,,,,
,,,,,,,,,,,
,,,,,,,,,,,
,,,,,,,,,,,
,,,,,,,,,,,
,,,,,,,,,,,
,,,,,,,,,,,
,,,,,,,,,,,
,,,,,,,,,,,
,,,,,,,,,,,
,,,,,,,,,,,
,,,,,,,,,,,
,,,,,,,,,,,
,,,,,,,,,,,
,,,,,,,,,,,
,,,,,,,,,,,
,,,,,,,,,,,
,,,,,,,,,,,
,,,,,,,,,,,
,,,,,,,,,,,
,,,,,,,,,,,
,,,,,,,,,,,
,,,,,,,,,,,
,,,,,,,,,,,
,,,,,,,,,,,
,,,,,,,,,,,
,,,,,,,,,,,
,,,,,,,,,,,
,,,,,,,,,,,
,,,,,,,,,,,
,,,,,,,,,,,
,,,,,,,,,,,
,,,,,,,,,,,
,,,,,,,,,,,
,,,,,,,,,,,
,,,,,,,,,,,
,,,,,,,,,,,
,,,,,,,,,,,
,,,,,,,,,,,
,,,,,,,,,,,
,,,,,,,,,,,
,,,,,,,,,,,
,,,,,,,,,,,
,,,,,,,,,,,
,,,,,,,,,,,
,,,,,,,,,,,
,,,,,,,,,,,
,,,,,,,,,,,
,,,,,,,,,,,
,,,,,,,,,,,
,,,,,,,,,,,
,,,,,,,,,,,
,,,,,,,,,,,
,,,,,,,,,,,
,,,,,,,,,,,
,,,,,,,,,,,
,,,,,,,,,,,
,,,,,,,,,,,
,,,,,,,,,,,
,,,,,,,,,,,
,,,,,,,,,,,
,,,,,,,,,,,
,,,,,,,,,,,
,,,,,,,,,,,
,,,,,,,,,,,
,,,,,,,,,,,
,,,,,,,,,,,
,,,,,,,,,,,
,,,,,,,,,,,
,,,,,,,,,,,
