UNITED STATES HOUSING AFFORDABILITY,,,,,,,,,,,,,,,,,,,,
Annual and Monthly 1989 - Present,,,,,,,,,,,,,,,,,,,,
,,,,,,,,,,,,,,,,,,,,
Existing Home Sales Program © 2019,,,,,,,,,,,,,,,,,,,,
National Association of REALTORS ® Research Team,,,,,,,,,,,,,,,,,,,,
"500 New Jersey Avenue, Washington, DC 20001",,,,,,,,,,,,,,,,,,,,
"Existing Home Sales data are provided by NAR solely for use as a reference. No part of the data may be reproduced, stored in a retrieval system, transmitted or",,,,,,,,,,,,,,,,,,,,
"redistributed in any form or by any means, electronic, mechanical, photocopying, recording or otherwise, without NAR's prior written consent. ",,,,,,,,,,,,,,,,,,,,
,,,,,,,,,,,,,,,,,,,,
, Med-Price , Monthly , Princp.& ,Median,,,,,,,,,,,,,,,,
, Single-Fam , Mortgage , Interest ,as %, Family , Qualifying ,    Affordability Index,,,,,,,,,,,,,
, Home , Rate* , Payment ,Income, Income , Income** ,Composite, Fixed ,ARM,,,FIXDIR,,,,,ARMIR,,,
,,,,,,,,,,,,,,,,,,,,
1989," 94,600 ", 10.11 , 670 ,23.5 ," 34,213 "," 32,160 ",106.4 , 102.0 ,112.4,,,10.62,699.0,33552,102,,9.45,634,30432,112.4
1990," 97,300 ", 10.04 , 685 ,23.3 ," 35,353 "," 32,880 ",107.5 , 104.6 ,116.2,,,10.37,704.0,33792,104.6,,9.14,634,30432,116.2
1991," 102,700 ", 9.30 , 679 ,22.7 ," 35,939 "," 32,592 ",110.3 , 107.4 ,121.3,,,9.61,697.0,33456,107.4,,8.25,617,29616,121.3
1992," 105,500 ", 8.11 , 626 ,20.5 ," 36,573 "," 30,048 ",121.7 , 117.2 ,141.6,,,8.51,650.0,31200,117.2,,6.59,538,25824,141.6
1993," 109,100 ", 7.16 , 590 ,19.2 ," 36,959 "," 28,320 ",130.5 , 125.6 ,151.6,,,7.54,613.0,29424,125.6,,5.72,508,24384,151.6
1994," 113,500 ", 7.47 , 633 ,19.6 ," 38,782 "," 30,384 ",127.6 , 118.3 ,144.8,,,8.26,683.0,32784,118.3,,6.24,558,26784,144.8
1995," 117,000 ", 7.85 , 677 ,20.0 ," 40,611 "," 32,496 ",125.0 , 119.5 ,135.4,,,8.32,708.0,33984,119.5,,7.04,625,30000,135.4
1996," 122,600 ", 7.71 , 700 ,19.9 ," 42,300 "," 33,600 ",125.9 , 122.4 ,135.0,,,8.00,720.0,34560,122.4,,7.01,653,31344,135
1997," 129,000 ", 7.68 , 734 ,19.8 ," 44,568 "," 35,232 ",126.5 , 123.6 ,137.1,,,7.92,751.0,36048,123.6,,6.86,677,32496,137.1
1998," 136,000 ", 7.10 , 731 ,18.8 ," 46,737 "," 35,088 ",133.2 , 131.9 ,142.6,,,7.19,738.0,35424,131.9,,6.44,683,32784,142.6
1999," 141,200 ", 7.33 , 777 ,19.1 ," 48,831 "," 37,296 ",130.9 , 128.4 ,141.7,,,7.53,792.0,38016,128.4,,6.55,718,34464,141.7
2000," 147,300 ", 8.03 , 867 ,20.5 ," 50,732 "," 41,616 ",121.9 , 120.5 ,133.3,,,8.15,877.0,42096,120.5,,7.11,793,38064,133.3
2001," 156,600 ", 7.03 , 836 ,19.5 ," 51,407 "," 40,128 ",128.1 , 128.1 ,137.3,,,7.03,836.0,40128,128.1,,6.35,780,37440,137.3
2002," 167,600 ", 6.55 , 852 ,19.8 ," 51,680 "," 40,896 ",126.4 , 124.2 ,138.7,,,6.72,867.0,41616,124.2,,5.67,776,37248,138.7
2003," 180,200 ", 5.74 , 840 ,19.1 ," 52,680 "," 40,320 ",130.7 , 128.2 ,141.8,,,5.91,856.0,41088,128.2,,5.00,774,37152,141.8
2004," 195,200 ", 5.73 , 909 ,20.2 ," 54,061 "," 43,632 ",123.9 , 120.3 ,132.2,,,6.00,936.0,44928,120.3,,5.14,852,40896,132.2
2005," 219,000 ", 5.91 ," 1,040 ",22.2 ," 56,194 "," 49,920 ",112.6 , 110.9 ,116.4,,,6.05,"1,056.0",50688,110.9,,5.60,1006,48288,116.4
2006," 221,900 ", 6.58 ," 1,131 ",23.2 ," 58,407 "," 54,288 ",107.6 , 107.1 ,109.6,,,6.62,"1,136.0",54528,107.1,,6.40,1110,53280,109.6
2007," 217,900 ", 6.52 ," 1,104 ",21.7 ," 61,173 "," 52,992 ",115.4 , 115.2 ,117.6,,,6.54,"1,106.0",53088,115.2,,6.34,1084,52032,117.6
2008," 196,600 ", 6.15 , 958 ,18.1 ," 63,366 "," 45,984 ",137.8 , 137.4 ,143.0,,,6.18,961.0,46128,137.4,,5.80,923,44304,143.0
2009," 172,100 ", 5.14 , 751 ,14.8 ," 61,082 "," 36,048 ",169.4 , 169.2 ,N/A,,,5.15,752.0,36096,169.2,,N/A,N/A,N/A,N/A
2010," 173,100 ", 4.89 , 734 ,14.5 ," 60,609 "," 35,232 ",172.0 , 171.3 ,N/A,,,4.93,737.0,35376,171.3,,N/A,N/A,N/A,N/A
2011," 166,200 ", 4.67 , 687 ,13.4 ," 61,455 "," 32,976 ",186.4 , 183.4 ,N/A,,,4.80,698.0,33504,183.4,,N/A,N/A,N/A,N/A
2012," 177,200 ", 3.83 , 663 ,12.7 ," 62,527 "," 31,824 ",196.5 , 193.3 ,N/A,,,3.96,674.0,32352,193.3,,N/A,N/A,N/A,N/A
2013," 197,400 ", 4.00 , 754 ,14.1 ," 64,037 "," 36,192 ",176.9 , 175.1 ,N/A,,,4.09,762.0,36576,175.1,,N/A,N/A,N/A,N/A
2014," 208,900 ", 4.31 , 828 ,15.1 ," 65,910 "," 39,744 ",165.8 , 163.5 ,N/A,,,4.43,840.0,40320,163.5,,N/A,N/A,N/A,N/A
2015," 223,900 ", 4.03 , 858 ,15.1 ," 68,260 "," 41,184 ",165.7 , 164.6 ,N/A,,,4.09,864.0,41472,164.6,,N/A,N/A,N/A,N/A
2016," 235,500 ", 3.88 , 886 ,15.0 ," 71,062 "," 42,528 ",167.1 , 166.2 ,N/A,,,3.92,891.0,42768,166.2,,N/A,N/A,N/A,N/A
2017," 248,800 ", 4.20 , 973 ,15.8 ," 73,891 "," 46,704 ",158.2 , 157.9 ,N/A,,,4.21,975.0,46800,157.9,,N/A,N/A,N/A,N/A
2018," 261,600 ", 4.72 ," 1,088 ",17.1 ," 76,401 "," 52,224 ",146.3 , 146.3 ,N/A,,,4.72,"1,088.0",52224,146.3,,N/A,N/A,N/A,N/A
2019," 274,600 ",4.04 ," 1,054 ",16.0 ,78959.0 ," 50,592.0 ",156.1,156.1,N/A,,,4.04,1054,50592,156.1,,N/A,N/A,N/A,N/A
,,,,,,,,,,,,,,,,,,,,
,,,,,,,,,,,,,,,,,,,,
,,,,,,,,,,,,,,,,,,,,
1989.01," 90,300 ", 9.61 , 613 ,22.1 ," 33,287 "," 29,424 ",113.1 , 104.1 ,121.4,,,10.60,666.0,31968,104.1,,8.8,571,27408,121.4
1989.02," 92,300 ", 9.78 , 636 ,22.8 ," 33,454 "," 30,528 ",109.6 , 100.7 ,116.9,,,10.79,692.0,33216,100.7,,9.04,596,28608,116.9
1989.03," 92,900 ", 9.93 , 648 ,23.1 ," 33,621 "," 31,104 ",108.1 , 100.5 ,114.6,,,10.81,697.0,33456,100.5,,9.24,611,29328,114.6
1989.04," 93,500 ", 10.08 , 661 ,23.5 ," 33,789 "," 31,728 ",106.5 , 99.4 ,112.6,,,10.92,708.0,33984,99.4,,9.43,625,30000,112.6
1989.05," 93,900 ", 10.46 , 685 ,24.2 ," 33,958 "," 32,880 ",103.3 , 97.6 ,109.2,,,11.17,725.0,34800,97.6,,9.79,648,31104,109.2
1989.06," 94,800 ", 10.59 , 699 ,24.6 ," 34,128 "," 33,552 ",101.7 , 98.3 ,106.3,,,11.01,723.0,34704,98.3,,10.07,669,32112,106.3
1989.07," 95,900 ", 10.39 , 695 ,24.3 ," 34,299 "," 33,360 ",102.8 , 100.6 ,107.6,,,10.65,710.0,34080,100.6,,9.84,664,31872,107.6
1989.08," 96,600 ", 10.10 , 684 ,23.8 ," 34,470 "," 32,832 ",105.0 , 103.5 ,110.1,,,10.27,694.0,33312,103.5,,9.54,652,31296,110.1
1989.09," 95,600 ", 10.13 , 679 ,23.5 ," 34,642 "," 32,592 ",106.3 , 104.6 ,111.4,,,10.33,690.0,33120,104.6,,9.58,648,31104,111.4
1989.10," 94,400 ", 10.16 , 672 ,23.2 ," 34,816 "," 32,256 ",107.9 , 106.2 ,114.4,,,10.36,683.0,32784,106.2,,9.48,634,30432,114.4
1989.11," 96,300 ", 10.12 , 683 ,23.4 ," 34,990 "," 32,784 ",106.7 , 104.7 ,114.3,,,10.34,696.0,33408,104.7,,9.32,638,30624,114.3
1989.12," 95,200 ", 9.96 , 666 ,22.7 ," 35,165 "," 31,968 ",110.0 , 108.2 ,117.2,,,10.15,677.0,32496,108.2,,9.22,625,30000,117.2
1990.01," 95,400 ", 9.98 , 669 ,22.8 ," 35,215 "," 32,112 ",109.7 , 108.4 ,115.9,,,10.12,677.0,32496,108.4,,9.34,633,30384,115.9
1990.02," 95,500 ", 10.06 , 674 ,23.0 ," 35,240 "," 32,352 ",108.9 , 106.9 ,116.9,,,10.30,687.0,32976,106.9,,9.24,628,30144,116.9
1990.03," 97,700 ", 10.07 , 690 ,23.5 ," 35,265 "," 33,120 ",106.5 , 103.6 ,114.6,,,10.39,709.0,34032,103.6,,9.22,641,30768,114.6
1990.04," 97,200 ", 10.15 , 691 ,23.5 ," 35,290 "," 33,168 ",106.4 , 103.4 ,115.6,,,10.49,711.0,34128,103.4,,9.19,636,30528,115.6
1990.05," 97,000 ", 10.14 , 689 ,23.4 ," 35,315 "," 33,072 ",106.8 , 103.6 ,115.1,,,10.50,710.0,34080,103.6,,9.26,639,30672,115.1
1990.06," 101,200 ", 10.16 , 720 ,24.4 ," 35,340 "," 34,560 ",102.3 , 99.0 ,110.4,,,10.56,744.0,35712,99,,9.27,667,32016,110.4
1990.07," 100,300 ", 10.15 , 713 ,24.2 ," 35,366 "," 34,224 ",103.3 , 100.2 ,111.6,,,10.51,735.0,35280,100.2,,9.24,660,31680,111.6
1990.08," 96,900 ", 9.98 , 679 ,23.0 ," 35,391 "," 32,592 ",108.6 , 105.6 ,117.0,,,10.30,698.0,33504,105.6,,9.12,630,30240,117
1990.09," 97,300 ", 10.00 , 683 ,23.1 ," 35,416 "," 32,784 ",108.0 , 105.1 ,117.7,,,10.33,702.0,33696,105.1,,9.02,627,30096,117.7
1990.10," 95,000 ", 9.96 , 665 ,22.5 ," 35,441 "," 31,920 ",111.0 , 107.3 ,121.4,,,10.37,688.0,33024,107.3,,8.93,608,29184,121.4
1990.11," 94,300 ", 9.97 , 660 ,22.3 ," 35,466 "," 31,680 ",112.0 , 108.0 ,121.9,,,10.39,684.0,32832,108,,8.98,606,29088,121.9
1990.12," 94,200 ", 9.84 , 652 ,22.0 ," 35,491 "," 31,296 ",113.4 , 110.2 ,123.0,,,10.18,671.0,32208,110.2,,8.91,601,28848,123
1991.01," 97,400 ", 9.80 , 672 ,22.7 ," 35,515 "," 32,256 ",110.1 , 108.0 ,117.3,,,10.02,685.0,32880,108,,9.07,631,30288,117.3
1991.02," 96,600 ", 9.75 , 664 ,22.4 ," 35,592 "," 31,872 ",111.7 , 109.7 ,120.4,,,9.97,676.0,32448,109.7,,8.89,616,29568,120.4
1991.03," 100,600 ", 9.50 , 677 ,22.8 ," 35,669 "," 32,496 ",109.8 , 108.3 ,117.4,,,9.65,686.0,32928,108.3,,8.74,633,30384,117.4
1991.04," 102,200 ", 9.51 , 688 ,23.1 ," 35,746 "," 33,024 ",108.2 , 106.4 ,116.9,,,9.71,700.0,33600,106.4,,8.64,637,30576,116.9
1991.05," 103,400 ", 9.51 , 696 ,23.3 ," 35,823 "," 33,408 ",107.2 , 104.7 ,118.8,,,9.79,713.0,34224,104.7,,8.37,628,30144,118.8
1991.06," 104,400 ", 9.37 , 694 ,23.2 ," 35,900 "," 33,312 ",107.8 , 104.2 ,121.2,,,9.75,718.0,34464,104.2,,8.07,617,29616,121.2
1991.07," 106,300 ", 9.41 , 709 ,23.6 ," 35,978 "," 34,032 ",105.7 , 102.3 ,119.4,,,9.79,733.0,35184,102.3,,8.06,628,30144,119.4
1991.08," 103,900 ", 9.36 , 690 ,23.0 ," 36,056 "," 33,120 ",108.9 , 104.9 ,121.0,,,9.78,716.0,34368,104.9,,8.19,621,29808,121
1991.09," 102,900 ", 9.17 , 672 ,22.3 ," 36,133 "," 32,256 ",112.0 , 108.2 ,126.1,,,9.57,696.0,33408,108.2,,7.87,597,28656,126.1
1991.10," 102,300 ", 9.02 , 660 ,21.9 ," 36,211 "," 31,680 ",114.3 , 110.5 ,129.6,,,9.41,683.0,32784,110.5,,7.68,582,27936,129.6
1991.11," 101,200 ", 8.69 , 633 ,20.9 ," 36,290 "," 30,384 ",119.4 , 115.4 ,131.0,,,9.06,655.0,31440,115.4,,7.7,577,27696,131
1991.12," 103,100 ", 8.51 , 635 ,21.0 ," 36,368 "," 30,480 ",119.3 , 116.2 ,129.3,,,8.80,652.0,31296,116.2,,7.67,586,28128,129.3
1992.01," 102,900 ", 8.23 , 617 ,20.3 ," 36,465 "," 29,616 ",123.1 , 119.8 ,140.9,,,8.52,634.0,30432,119.8,,6.85,539,25872,140.9
1992.02," 103,700 ", 8.43 , 634 ,20.9 ," 36,484 "," 30,432 ",119.9 , 117.1 ,137.2,,,8.69,649.0,31152,117.1,,7.03,554,26592,137.2
1992.03," 105,100 ", 8.42 , 642 ,21.1 ," 36,504 "," 30,816 ",118.5 , 113.5 ,138.3,,,8.89,670.0,32160,113.5,,6.84,550,26400,138.3
1992.04," 104,400 ", 8.55 , 645 ,21.2 ," 36,524 "," 30,960 ",118.0 , 113.7 ,137.6,,,8.95,669.0,32112,113.7,,6.96,553,26544,137.6
1992.05," 105,100 ", 8.48 , 645 ,21.2 ," 36,543 "," 30,960 ",118.0 , 113.6 ,136.9,,,8.89,670.0,32160,113.6,,6.94,556,26688,136.9
1992.06," 107,000 ", 8.34 , 649 ,21.3 ," 36,563 "," 31,152 ",117.4 , 112.8 ,135.1,,,8.78,675.0,32400,112.8,,6.91,564,27072,135.1
1992.07," 104,900 ", 8.05 , 619 ,20.3 ," 36,583 "," 29,712 ",123.1 , 118.5 ,144.3,,,8.46,643.0,30864,118.5,,6.46,528,25344,144.3
1992.08," 105,400 ", 7.90 , 613 ,20.1 ," 36,603 "," 29,424 ",124.4 , 119.9 ,145.3,,,8.29,636.0,30528,119.9,,6.36,525,25200,145.3
1992.09," 105,600 ", 7.70 , 602 ,19.7 ," 36,622 "," 28,896 ",126.7 , 122.1 ,145.6,,,8.08,625.0,30000,122.1,,6.32,524,25152,145.6
1992.10," 105,900 ", 7.64 , 601 ,19.7 ," 36,642 "," 28,848 ",127.0 , 122.1 ,150.3,,,8.05,625.0,30000,122.1,,6.01,508,24384,150.3
1992.11," 105,000 ", 7.77 , 603 ,19.7 ," 36,662 "," 28,944 ",126.7 , 121.4 ,149.2,,,8.22,629.0,30192,121.4,,6.15,512,24576,149.2
1992.12," 105,600 ", 7.80 , 608 ,19.9 ," 36,682 "," 29,184 ",125.7 , 119.4 ,147.8,,,8.34,640.0,30720,119.4,,6.2,517,24816,147.8
1993.01," 102,900 ", 7.75 , 590 ,19.3 ," 36,716 "," 28,320 ",129.6 , 123.6 ,150.0,,,8.26,619.0,29712,123.6,,6.31,510,24480,150
1993.02," 102,600 ", 7.51 , 574 ,18.7 ," 36,760 "," 27,552 ",133.4 , 127.0 ,156.9,,,8.02,603.0,28944,127,,5.92,488,23424,156.9
1993.03," 105,100 ", 7.39 , 582 ,19.0 ," 36,804 "," 27,936 ",131.7 , 126.7 ,158.7,,,7.80,605.0,29040,126.7,,5.61,483,23184,158.7
1993.04," 106,200 ", 7.26 , 580 ,18.9 ," 36,848 "," 27,840 ",132.4 , 126.9 ,155.4,,,7.68,605.0,29040,126.9,,5.71,494,23712,155.4
1993.05," 107,900 ", 7.30 , 592 ,19.3 ," 36,893 "," 28,416 ",129.8 , 125.4 ,149.5,,,7.66,613.0,29424,125.4,,5.94,514,24672,149.5
1993.06," 111,900 ", 7.23 , 609 ,19.8 ," 36,937 "," 29,232 ",126.4 , 121.0 ,146.3,,,7.66,636.0,30528,121,,5.81,526,25248,146.3
1993.07," 110,800 ", 7.14 , 598 ,19.4 ," 36,981 "," 28,704 ",128.8 , 124.9 ,148.2,,,7.45,617.0,29616,124.9,,5.8,520,24960,148.2
1993.08," 110,500 ", 7.05 , 591 ,19.2 ," 37,026 "," 28,368 ",130.5 , 127.3 ,150.1,,,7.30,606.0,29088,127.3,,5.71,514,24672,150.1
1993.09," 110,500 ", 6.93 , 584 ,18.9 ," 37,070 "," 28,032 ",132.2 , 128.7 ,151.7,,,7.20,600.0,28800,128.7,,5.63,509,24432,151.7
1993.10," 109,800 ", 6.75 , 570 ,18.4 ," 37,114 "," 27,360 ",135.7 , 131.9 ,155.0,,,7.02,586.0,28128,131.9,,5.51,499,23952,155
1993.11," 110,000 ", 6.77 , 572 ,18.5 ," 37,159 "," 27,456 ",135.3 , 131.0 ,156.7,,,7.10,591.0,28368,131,,5.39,494,23712,156.7
1993.12," 110,800 ", 6.84 , 580 ,18.7 ," 37,204 "," 27,840 ",133.6 , 127.3 ,156.9,,,7.33,609.0,29232,127.3,,5.34,494,23712,156.9
1994.01," 109,900 ", 6.89 , 578 ,18.5 ," 37,568 "," 27,744 ",135.4 , 129.6 ,156.8,,,7.32,604.0,28992,129.6,,5.49,499,23952,156.8
1994.02," 108,600 ", 6.83 , 568 ,18.0 ," 37,786 "," 27,264 ",138.6 , 133.2 ,161.6,,,7.22,591.0,28368,133.2,,5.38,487,23376,161.6
1994.03," 109,800 ", 7.01 , 585 ,18.5 ," 38,005 "," 28,080 ",135.3 , 129.8 ,157.1,,,7.43,610.0,29280,129.8,,5.59,504,24192,157.1
1994.04," 111,200 ", 7.21 , 604 ,19.0 ," 38,225 "," 28,992 ",131.8 , 124.4 ,150.8,,,7.80,640.0,30720,124.4,,5.9,528,25344,150.8
1994.05," 113,200 ", 7.52 , 634 ,19.8 ," 38,447 "," 30,432 ",126.3 , 117.1 ,145.9,,,8.31,684.0,32832,117.1,,6.1,549,26352,145.9
1994.06," 116,600 ", 7.54 , 655 ,20.3 ," 38,670 "," 31,440 ",123.0 , 112.8 ,138.9,,,8.45,714.0,34272,112.8,,6.34,580,27840,138.9
1994.07," 115,700 ", 7.68 , 659 ,20.3 ," 38,894 "," 31,632 ",123.0 , 113.2 ,139.0,,,8.56,716.0,34368,113.2,,6.47,583,27984,139
1994.08," 115,800 ", 7.76 , 664 ,20.4 ," 39,120 "," 31,872 ",122.7 , 113.2 ,138.4,,,8.62,720.0,34560,113.2,,6.56,589,28272,138.4
1994.09," 113,300 ", 7.74 , 649 ,19.8 ," 39,347 "," 31,152 ",126.3 , 115.9 ,141.1,,,8.65,707.0,33936,115.9,,6.64,581,27888,141.1
1994.10," 112,500 ", 7.76 , 645 ,19.6 ," 39,575 "," 30,960 ",127.8 , 116.1 ,142.6,,,8.78,710.0,34080,116.1,,6.66,578,27744,142.6
1994.11," 112,500 ", 7.72 , 643 ,19.4 ," 39,805 "," 30,864 ",129.0 , 114.9 ,143.0,,,8.96,722.0,34656,114.9,,6.69,580,27840,143
1994.12," 113,600 ", 7.97 , 665 ,19.9 ," 40,036 "," 31,920 ",125.4 , 113.5 ,137.9,,,9.06,735.0,35280,113.5,,7,605,29040,137.9
1995.01," 110,600 ", 7.94 , 646 ,19.3 ," 40,101 "," 31,008 ",129.3 , 114.8 ,141.6,,,9.25,728.0,34944,114.8,,7.02,590,28320,141.6
1995.02," 109,600 ", 8.19 , 655 ,19.6 ," 40,193 "," 31,440 ",127.8 , 116.5 ,140.0,,,9.22,719.0,34512,116.5,,7.25,598,28704,140
1995.03," 110,900 ", 8.24 , 666 ,19.8 ," 40,286 "," 31,968 ",126.0 , 117.7 ,139.2,,,8.99,713.0,34224,117.7,,7.21,603,28944,139.2
1995.04," 111,100 ", 8.14 , 661 ,19.6 ," 40,378 "," 31,728 ",127.3 , 120.2 ,139.3,,,8.76,700.0,33600,120.2,,7.21,604,28992,139.3
1995.05," 113,500 ", 8.04 , 669 ,19.8 ," 40,471 "," 32,112 ",126.0 , 121.0 ,135.8,,,8.48,697.0,33456,121,,7.28,621,29808,135.8
1995.06," 119,600 ", 7.77 , 687 ,20.3 ," 40,564 "," 32,976 ",123.0 , 120.2 ,132.7,,,8.01,703.0,33744,120.2,,7.01,637,30576,132.7
1995.07," 120,100 ", 7.71 , 686 ,20.2 ," 40,658 "," 32,928 ",123.5 , 121.7 ,130.7,,,7.87,696.0,33408,121.7,,7.14,648,31104,130.7
1995.08," 120,700 ", 7.75 , 692 ,20.4 ," 40,751 "," 33,216 ",122.7 , 119.7 ,133.3,,,8.00,709.0,34032,119.7,,6.92,637,30576,133.3
1995.09," 119,400 ", 7.75 , 684 ,20.1 ," 40,845 "," 32,832 ",124.4 , 121.9 ,132.8,,,7.95,698.0,33504,121.9,,7.08,641,30768,132.8
1995.10," 117,700 ", 7.68 , 670 ,19.6 ," 40,939 "," 32,160 ",127.3 , 125.1 ,136.2,,,7.87,682.0,32736,125.1,,6.99,626,30048,136.2
1995.11," 118,400 ", 7.61 , 669 ,19.6 ," 41,033 "," 32,112 ",127.8 , 125.9 ,137.0,,,7.76,679.0,32592,125.9,,6.9,624,29952,137
1995.12," 118,400 ", 7.33 , 651 ,19.0 ," 41,127 "," 31,248 ",131.6 , 127.7 ,143.3,,,7.64,671.0,32208,127.7,,6.49,598,28704,143.3
1996.01," 118,500 ", 7.31 , 651 ,18.9 ," 41,291 "," 31,248 ",132.1 , 131.5 ,136.8,,,7.37,654.0,31392,131.5,,6.98,629,30192,136.8
1996.02," 116,700 ", 7.27 , 638 ,18.5 ," 41,472 "," 30,624 ",135.4 , 134.4 ,141.2,,,7.34,643.0,30864,134.4,,6.86,612,29376,141.2
1996.03," 119,100 ", 7.45 , 663 ,19.1 ," 41,655 "," 31,824 ",130.9 , 129.3 ,138.2,,,7.57,671.0,32208,129.3,,6.9,628,30144,138.2
1996.04," 120,000 ", 7.71 , 685 ,19.6 ," 41,838 "," 32,880 ",127.2 , 124.5 ,136.8,,,7.93,700.0,33600,124.5,,6.98,637,30576,136.8
1996.05," 121,900 ", 7.88 , 707 ,20.2 ," 42,022 "," 33,936 ",123.8 , 119.9 ,132.4,,,8.21,730.0,35040,119.9,,7.19,661,31728,132.4
1996.06," 126,300 ", 7.93 , 736 ,20.9 ," 42,207 "," 35,328 ",119.5 , 115.2 ,130.3,,,8.30,763.0,36624,115.2,,7.04,675,32400,130.3
1996.07," 125,100 ", 8.03 , 736 ,20.8 ," 42,393 "," 35,328 ",120.0 , 115.3 ,128.6,,,8.45,766.0,36768,115.3,,7.31,687,32976,128.6
1996.08," 124,400 ", 7.92 , 725 ,20.4 ," 42,580 "," 34,800 ",122.4 , 117.8 ,133.0,,,8.32,753.0,36144,117.8,,7.07,667,32016,133
1996.09," 122,900 ", 7.94 , 717 ,20.1 ," 42,767 "," 34,416 ",124.3 , 119.6 ,134.6,,,8.34,745.0,35760,119.6,,7.12,662,31776,134.6
1996.10," 121,400 ", 7.83 , 701 ,19.6 ," 42,955 "," 33,648 ",127.7 , 122.6 ,139.0,,,8.25,730.0,35040,122.6,,6.96,644,30912,139
1996.11," 122,300 ", 7.70 , 698 ,19.4 ," 43,144 "," 33,504 ",128.8 , 124.7 ,140.2,,,8.05,721.0,34608,124.7,,6.85,641,30768,140.2
1996.12," 124,000 ", 7.59 , 700 ,19.4 ," 43,334 "," 33,600 ",129.0 , 125.6 ,139.3,,,7.87,719.0,34512,125.6,,6.82,648,31104,139.3
1997.01," 123,400 ", 7.71 , 705 ,19.4 ," 43,528 "," 33,840 ",128.6 , 125.1 ,139.1,,,8.01,725.0,34800,125.1,,6.93,652,31296,139.1
1997.02," 121,200 ", 7.69 , 691 ,19.0 ," 43,716 "," 33,168 ",131.8 , 128.3 ,142.5,,,7.98,710.0,34080,128.3,,6.91,639,30672,142.5
1997.03," 123,700 ", 7.76 , 710 ,19.4 ," 43,904 "," 34,080 ",128.8 , 125.6 ,139.0,,,8.02,728.0,34944,125.6,,6.99,658,31584,139
1997.04," 124,700 ", 7.90 , 725 ,19.7 ," 44,092 "," 34,800 ",126.7 , 123.0 ,137.1,,,8.21,747.0,35856,123,,7.09,670,32160,137.1
1997.05," 128,000 ", 7.91 , 745 ,20.2 ," 44,282 "," 35,760 ",123.8 , 120.0 ,136.3,,,8.25,769.0,36912,120,,6.94,677,32496,136.3
1997.06," 131,400 ", 7.85 , 760 ,20.5 ," 44,472 "," 36,480 ",121.9 , 118.6 ,132.4,,,8.13,781.0,37488,118.6,,7.01,700,33600,132.4
1997.07," 131,000 ", 7.68 , 746 ,20.0 ," 44,664 "," 35,808 ",124.7 , 121.8 ,136.8,,,7.93,764.0,36672,121.8,,6.76,680,32640,136.8
1997.08," 131,600 ", 7.63 , 746 ,20.0 ," 44,856 "," 35,808 ",125.3 , 123.0 ,135.6,,,7.83,760.0,36480,123,,6.84,689,33072,135.6
1997.09," 131,300 ", 7.61 , 742 ,19.8 ," 45,049 "," 35,616 ",126.5 , 124.0 ,137.2,,,7.81,757.0,36336,124,,6.79,684,32832,137.2
1997.10," 129,300 ", 7.53 , 725 ,19.2 ," 45,242 "," 34,800 ",130.0 , 127.9 ,141.1,,,7.70,737.0,35376,127.9,,6.71,668,32064,141.1
1997.11," 129,500 ", 7.48 , 723 ,19.1 ," 45,437 "," 34,704 ",130.9 , 129.0 ,141.1,,,7.63,734.0,35232,129,,6.74,671,32208,141.1
1997.12," 131,400 ", 7.41 , 729 ,19.2 ," 45,632 "," 34,992 ",130.4 , 128.6 ,141.0,,,7.55,739.0,35472,128.6,,6.64,674,32352,141
1998.01," 130,400 ", 7.26 , 712 ,18.6 ," 45,827 "," 34,176 ",134.1 , 133.0 ,142.1,,,7.34,718.0,34464,133,,6.68,672,32256,142.1
1998.02," 128,600 ", 7.20 , 698 ,18.2 ," 45,991 "," 33,504 ",137.3 , 136.1 ,145.6,,,7.28,704.0,33792,136.1,,6.62,658,31584,145.6
1998.03," 131,100 ", 7.20 , 712 ,18.5 ," 46,156 "," 34,176 ",135.1 , 133.9 ,143.7,,,7.29,718.0,34464,133.9,,6.59,669,32112,143.7
1998.04," 132,300 ", 7.21 , 719 ,18.6 ," 46,321 "," 34,512 ",134.2 , 132.9 ,143.4,,,7.31,726.0,34848,132.9,,6.56,673,32304,143.4
1998.05," 136,500 ", 7.22 , 743 ,19.2 ," 46,487 "," 35,664 ",130.3 , 129.1 ,139.3,,,7.32,750.0,36000,129.1,,6.57,695,33360,139.3
1998.06," 138,600 ", 7.19 , 752 ,19.3 ," 46,653 "," 36,096 ",129.2 , 127.7 ,139.0,,,7.31,761.0,36528,127.7,,6.48,699,33552,139
1998.07," 139,100 ", 7.14 , 751 ,19.2 ," 46,821 "," 36,048 ",129.9 , 128.7 ,140.4,,,7.24,758.0,36384,128.7,,6.38,695,33360,140.4
1998.08," 137,000 ", 7.11 , 737 ,18.8 ," 46,988 "," 35,376 ",132.8 , 131.6 ,141.5,,,7.20,744.0,35712,131.6,,6.49,692,33216,141.5
1998.09," 137,200 ", 7.00 , 730 ,18.6 ," 47,156 "," 35,040 ",134.6 , 133.3 ,144.9,,,7.09,737.0,35376,133.3,,6.28,678,32544,144.9
1998.10," 135,600 ", 6.86 , 712 ,18.1 ," 47,325 "," 34,176 ",138.5 , 137.9 ,147.8,,,6.91,715.0,34320,137.9,,6.24,667,32016,147.8
1998.11," 136,900 ", 6.89 , 721 ,18.2 ," 47,495 "," 34,608 ",137.2 , 136.5 ,146.8,,,6.95,725.0,34800,136.5,,6.25,674,32352,146.8
1998.12," 136,300 ", 6.90 , 718 ,18.1 ," 47,665 "," 34,464 ",138.3 , 137.0 ,149.6,,,6.99,725.0,34800,137,,6.14,664,31872,149.6
1999.01," 136,700 ", 6.89 , 720 ,18.1 ," 47,848 "," 34,560 ",138.4 , 137.5 ,147.7,,,6.96,725.0,34800,137.5,,6.27,675,32400,147.7
1999.02," 134,600 ", 6.93 , 711 ,17.8 ," 48,046 "," 34,128 ",140.8 , 139.8 ,150.1,,,7.00,716.0,34368,139.8,,6.31,667,32016,150.1
1999.03," 136,300 ", 7.02 , 727 ,18.1 ," 48,245 "," 34,896 ",138.3 , 136.9 ,148.7,,,7.11,734.0,35232,136.9,,6.32,676,32448,148.7
1999.04," 137,500 ", 7.05 , 736 ,18.2 ," 48,446 "," 35,328 ",137.1 , 135.7 ,149.1,,,7.16,744.0,35712,135.7,,6.24,677,32496,149.1
1999.05," 140,600 ", 7.07 , 754 ,18.6 ," 48,647 "," 36,192 ",134.4 , 133.0 ,145.2,,,7.18,762.0,36576,133,,6.33,698,33504,145.2
1999.06," 144,600 ", 7.26 , 790 ,19.4 ," 48,849 "," 37,920 ",128.8 , 126.7 ,139.2,,,7.43,803.0,38544,126.7,,6.5,731,35088,139.2
1999.07," 143,400 ", 7.48 , 801 ,19.6 ," 49,052 "," 38,448 ",127.6 , 124.8 ,137.2,,,7.71,819.0,39312,124.8,,6.76,745,35760,137.2
1999.08," 143,800 ", 7.59 , 811 ,19.8 ," 49,255 "," 38,928 ",126.5 , 122.9 ,137.6,,,7.89,835.0,40080,122.9,,6.75,746,35808,137.6
1999.09," 142,600 ", 7.68 , 812 ,19.7 ," 49,460 "," 38,976 ",126.9 , 123.4 ,138.5,,,7.97,835.0,40080,123.4,,6.81,744,35712,138.5
1999.10," 140,200 ", 7.67 , 797 ,19.3 ," 49,665 "," 38,256 ",129.8 , 126.0 ,141.9,,,7.98,821.0,39408,126,,6.77,729,34992,141.9
1999.11," 140,900 ", 7.66 , 801 ,19.3 ," 49,871 "," 38,448 ",129.7 , 125.8 ,142.1,,,7.98,826.0,39648,125.8,,6.75,731,35088,142.1
1999.12," 141,800 ", 7.65 , 805 ,19.3 ," 50,078 "," 38,640 ",129.6 , 125.4 ,141.9,,,8.00,832.0,39936,125.4,,6.74,735,35280,141.9
2000.01," 139,600 ", 7.90 , 812 ,19.6 ," 49,688 "," 38,976 ",127.5 , 125.6 ,138.9,,,8.06,824.0,39552,125.6,,7.02,745,35760,138.9
2000.02," 140,500 ", 8.06 , 829 ,19.8 ," 50,362 "," 39,792 ",126.6 , 124.3 ,137.2,,,8.25,844.0,40512,124.3,,7.23,765,36720,137.2
2000.03," 141,600 ", 8.11 , 840 ,20.0 ," 50,444 "," 40,320 ",125.1 , 123.1 ,135.3,,,8.29,854.0,40992,123.1,,7.3,777,37296,135.3
2000.04," 143,100 ", 8.10 , 848 ,20.1 ," 50,526 "," 40,704 ",124.1 , 122.1 ,135.1,,,8.27,862.0,41376,122.1,,7.22,779,37392,135.1
2000.05," 145,700 ", 8.19 , 871 ,20.7 ," 50,608 "," 41,808 ",121.0 , 119.1 ,131.1,,,8.36,885.0,42480,119.1,,7.36,804,38592,131.1
2000.06," 148,100 ", 8.27 , 892 ,21.1 ," 50,691 "," 42,816 ",118.4 , 116.6 ,128.6,,,8.44,906.0,43488,116.6,,7.41,821,39408,128.6
2000.07," 151,100 ", 8.20 , 904 ,21.4 ," 50,773 "," 43,392 ",117.0 , 116.0 ,127.8,,,8.30,912.0,43776,116,,7.29,828,39744,127.8
2000.08," 149,800 ", 8.10 , 888 ,21.0 ," 50,856 "," 42,624 ",119.3 , 118.4 ,131.0,,,8.19,895.0,42960,118.4,,7.14,809,38832,131
2000.09," 150,300 ", 8.00 , 882 ,20.8 ," 50,939 "," 42,336 ",120.3 , 119.8 ,132.0,,,8.04,886.0,42528,119.8,,7.05,804,38592,132
2000.10," 146,600 ", 7.91 , 853 ,20.1 ," 51,022 "," 40,944 ",124.6 , 123.9 ,138.2,,,7.97,858.0,41184,123.9,,6.86,769,36912,138.2
2000.11," 147,500 ", 7.83 , 852 ,20.0 ," 51,105 "," 40,896 ",125.0 , 124.4 ,139.2,,,7.88,856.0,41088,124.4,,6.74,765,36720,139.2
2000.12," 148,200 ", 7.68 , 844 ,19.8 ," 51,189 "," 40,512 ",126.4 , 125.9 ,139.2,,,7.72,847.0,40656,125.9,,6.71,766,36768,139.2
2001.01," 143,900 ", 7.34 , 792 ,18.6 ," 51,226 "," 38,016 ",134.7 , 134.6 ,146.2,,,7.35,793.0,38064,134.6,,6.53,730,35040,146.2
2001.02," 145,700 ", 7.18 , 790 ,18.5 ," 51,259 "," 37,920 ",135.2 , 135.9 ,142.2,,,7.14,786.0,37728,135.9,,6.68,751,36048,142.2
2001.03," 150,800 ", 7.11 , 812 ,19.0 ," 51,292 "," 38,976 ",131.6 , 132.3 ,139.5,,,7.07,808.0,38784,132.3,,6.54,766,36768,139.5
2001.04," 150,400 ", 7.09 , 808 ,18.9 ," 51,325 "," 38,784 ",132.3 , 132.7 ,141.4,,,7.07,806.0,38688,132.7,,6.44,756,36288,141.4
2001.05," 153,600 ", 7.17 , 832 ,19.4 ," 51,358 "," 39,936 ",128.6 , 128.8 ,138.2,,,7.16,831.0,39888,128.8,,6.47,774,37152,138.2
2001.06," 160,800 ", 7.18 , 871 ,20.3 ," 51,391 "," 41,808 ",122.9 , 122.8 ,133.0,,,7.19,872.0,41856,122.8,,6.4,805,38640,133
2001.07," 160,000 ", 7.19 , 868 ,20.3 ," 51,423 "," 41,664 ",123.4 , 123.3 ,132.6,,,7.20,869.0,41712,123.3,,6.49,808,38784,132.6
2001.08," 160,700 ", 7.06 , 860 ,20.1 ," 51,456 "," 41,280 ",124.7 , 124.2 ,134.2,,,7.09,863.0,41424,124.2,,6.34,799,38352,134.2
2001.09," 156,500 ", 6.93 , 827 ,19.3 ," 51,489 "," 39,696 ",129.7 , 129.2 ,138.8,,,6.96,830.0,39840,129.2,,6.27,773,37104,138.8
2001.10," 153,800 ", 6.73 , 796 ,18.5 ," 51,522 "," 38,208 ",134.8 , 134.7 ,144.7,,,6.74,797.0,38256,134.7,,6.06,742,35616,144.7
2001.11," 155,500 ", 6.62 , 796 ,18.5 ," 51,555 "," 38,208 ",134.9 , 134.9 ,144.0,,,6.62,796.0,38208,134.9,,6,746,35808,144
2001.12," 162,400 ", 6.77 , 844 ,19.6 ," 51,588 "," 40,512 ",127.3 , 127.0 ,137.8,,,6.79,846.0,40608,127,,6.01,780,37440,137.8
2002.01," 158,000 ", 6.89 , 832 ,19.5 ," 51,201 "," 39,936 ",128.2 , 126.5 ,139.8,,,7.03,843.0,40464,126.5,,6.06,763,36624,139.8
2002.02," 157,600 ", 6.85 , 826 ,19.4 ," 51,218 "," 39,648 ",129.2 , 127.0 ,141.5,,,7.01,840.0,40320,127,,5.98,754,36192,141.5
2002.03," 160,100 ", 6.84 , 838 ,19.6 ," 51,245 "," 40,224 ",127.4 , 125.0 ,139.6,,,7.02,854.0,40992,125,,5.96,765,36720,139.6
2002.04," 160,800 ", 6.95 , 852 ,19.9 ," 51,316 "," 40,896 ",125.5 , 122.9 ,138.8,,,7.16,870.0,41760,122.9,,5.99,770,36960,138.8
2002.05," 164,200 ", 6.82 , 858 ,20.1 ," 51,343 "," 41,184 ",124.7 , 121.7 ,138.6,,,7.06,879.0,42192,121.7,,5.81,772,37056,138.6
2002.06," 173,200 ", 6.70 , 894 ,20.9 ," 51,384 "," 42,912 ",119.7 , 116.9 ,132.5,,,6.94,916.0,43968,116.9,,5.74,808,38784,132.5
2002.07," 171,700 ", 6.55 , 873 ,20.4 ," 51,359 "," 41,904 ",122.6 , 119.6 ,136.7,,,6.80,895.0,42960,119.6,,5.53,783,37584,136.7
2002.08," 169,100 ", 6.38 , 844 ,19.7 ," 51,365 "," 40,512 ",126.8 , 123.9 ,140.2,,,6.60,864.0,41472,123.9,,5.44,763,36624,140.2
2002.09," 167,600 ", 6.29 , 829 ,19.4 ," 51,383 "," 39,792 ",129.1 , 127.3 ,141.6,,,6.43,841.0,40368,127.3,,5.44,756,36288,141.6
2002.10," 168,600 ", 6.14 , 821 ,19.2 ," 51,413 "," 39,408 ",130.5 , 129.0 ,141.9,,,6.25,830.0,39840,129,,5.37,755,36240,141.9
2002.11," 170,600 ", 6.08 , 825 ,19.2 ," 51,443 "," 39,600 ",129.9 , 128.4 ,139.9,,,6.19,835.0,40080,128.4,,5.39,766,36768,139.9
2002.12," 172,800 ", 6.10 , 838 ,19.5 ," 51,492 "," 40,224 ",128.0 , 126.7 ,139.5,,,6.20,847.0,40656,126.7,,5.32,769,36912,139.5
2003.01," 167,800 ", 5.96 , 801 ,18.6 ," 51,650 "," 38,448 ",134.3 , 132.4 ,145.4,,,6.09,813.0,39024,132.4,,5.23,740,35520,145.4
2003.02," 167,100 ", 5.93 , 795 ,18.4 ," 51,746 "," 38,160 ",135.6 , 133.4 ,147.3,,,6.07,808.0,38784,133.4,,5.17,732,35136,147.3
2003.03," 170,300 ", 5.80 , 799 ,18.5 ," 51,906 "," 38,352 ",135.3 , 133.5 ,147.5,,,5.92,810.0,38880,133.5,,5.02,733,35184,147.5
2003.04," 172,500 ", 5.72 , 803 ,18.5 ," 51,994 "," 38,544 ",134.9 , 132.9 ,146.8,,,5.86,815.0,39120,132.9,,4.97,738,35424,146.8
2003.05," 176,300 ", 5.62 , 811 ,18.6 ," 52,188 "," 38,928 ",134.1 , 132.4 ,144.0,,,5.73,821.0,39408,132.4,,4.98,755,36240,144
2003.06," 185,000 ", 5.40 , 831 ,19.1 ," 52,307 "," 39,888 ",131.1 , 129.7 ,142.8,,,5.50,840.0,40320,129.7,,4.65,763,36624,142.8
2003.07," 185,800 ", 5.39 , 834 ,19.1 ," 52,340 "," 40,032 ",130.7 , 129.3 ,142.0,,,5.49,843.0,40464,129.3,,4.67,768,36864,142
2003.08," 185,300 ", 5.66 , 857 ,19.6 ," 52,456 "," 41,136 ",127.5 , 124.9 ,139.4,,,5.86,875.0,42000,124.9,,4.87,784,37632,139.4
2003.09," 182,400 ", 5.94 , 869 ,19.8 ," 52,609 "," 41,712 ",126.1 , 123.3 ,137.5,,,6.15,889.0,42672,123.3,,5.15,797,38256,137.5
2003.10," 181,700 ", 5.83 , 856 ,19.5 ," 52,790 "," 41,088 ",128.5 , 125.3 ,139.6,,,6.07,878.0,42144,125.3,,5.09,788,37824,139.6
2003.11," 180,200 ", 5.85 , 850 ,19.2 ," 53,005 "," 40,800 ",129.9 , 126.3 ,139.8,,,6.10,874.0,41952,126.3,,5.18,790,37920,139.8
2003.12," 185,400 ", 5.82 , 872 ,19.7 ," 53,107 "," 41,856 ",126.9 , 123.3 ,137.8,,,6.08,897.0,43056,123.3,,5.07,803,38544,137.8
2004.01," 178,500 ", 5.70 , 829 ,18.7 ," 53,156 "," 39,792 ",133.6 , 130.0 ,144.6,,,5.95,852.0,40896,130,,4.99,766,36768,144.6
2004.02," 180,800 ", 5.74 , 843 ,19.0 ," 53,183 "," 40,464 ",131.4 , 129.1 ,142.6,,,5.90,858.0,41184,129.1,,5.01,777,37296,142.6
2004.03," 182,700 ", 5.48 , 828 ,18.7 ," 53,199 "," 39,744 ",133.9 , 129.0 ,146.6,,,5.81,859.0,41232,129,,4.68,756,36288,146.6
2004.04," 186,100 ", 5.42 , 838 ,18.9 ," 53,332 "," 40,224 ",132.6 , 127.9 ,144.7,,,5.75,869.0,41712,127.9,,4.65,768,36864,144.7
2004.05," 193,200 ", 5.77 , 904 ,20.3 ," 53,538 "," 43,392 ",123.4 , 118.3 ,133.6,,,6.16,943.0,45264,118.3,,5.06,835,40080,133.6
2004.06," 201,800 ", 6.01 , 969 ,21.7 ," 53,631 "," 46,512 ",115.3 , 110.6 ,123.3,,,6.40,"1,010.0",48480,110.6,,5.39,906,43488,123.3
2004.07," 200,800 ", 5.93 , 956 ,21.3 ," 53,752 "," 45,888 ",117.1 , 113.0 ,124.6,,,6.27,991.0,47568,113,,5.37,899,43152,124.6
2004.08," 197,300 ", 5.83 , 929 ,20.7 ," 53,917 "," 44,592 ",120.9 , 117.0 ,128.2,,,6.13,960.0,46080,117,,5.29,876,42048,128.2
2004.09," 197,200 ", 5.70 , 916 ,20.4 ," 53,985 "," 43,968 ",122.8 , 119.5 ,129.9,,,5.95,941.0,45168,119.5,,5.2,866,41568,129.9
2004.10," 196,100 ", 5.70 , 911 ,20.2 ," 54,139 "," 43,728 ",123.8 , 120.9 ,130.1,,,5.92,933.0,44784,120.9,,5.26,867,41616,130.1
2004.11," 198,800 ", 5.70 , 923 ,20.4 ," 54,181 "," 44,304 ",122.3 , 119.6 ,127.5,,,5.91,944.0,45312,119.6,,5.32,885,42480,127.5
2004.12," 200,400 ", 5.76 , 937 ,20.6 ," 54,539 "," 44,976 ",121.3 , 119.6 ,125.0,,,5.89,950.0,45600,119.6,,5.49,909,43632,125
2005.01," 195,100 ", 5.78 , 914 ,20.0 ," 54,789 "," 43,872 ",124.9 , 123.0 ,128.7,,,5.92,928.0,44544,123,,5.51,887,42576,128.7
2005.02," 196,300 ", 5.71 , 912 ,19.9 ," 54,909 "," 43,776 ",125.4 , 123.1 ,130.4,,,5.88,929.0,44592,123.1,,5.35,877,42096,130.4
2005.03," 201,500 ", 5.81 , 947 ,20.7 ," 55,014 "," 45,456 ",121.0 , 118.9 ,126.2,,,5.98,964.0,46272,118.9,,5.43,908,43584,126.2
2005.04," 213,500 ", 5.92 ," 1,015 ",22.0 ," 55,249 "," 48,720 ",113.4 , 111.1 ,118.2,,,6.11,"1,036.0",49728,111.1,,5.54,974,46752,118.2
2005.05," 215,800 ", 5.85 ," 1,018 ",22.0 ," 55,449 "," 48,864 ",113.5 , 111.4 ,117.5,,,6.02,"1,037.0",49776,111.4,,5.53,983,47184,117.5
2005.06," 229,000 ", 5.71 ," 1,064 ",22.9 ," 55,682 "," 51,072 ",109.0 , 107.4 ,112.5,,,5.84,"1,080.0",51840,107.4,,5.42,1031,49488,112.5
2005.07," 227,700 ", 5.73 ," 1,061 ",22.8 ," 55,964 "," 50,928 ",109.9 , 108.8 ,113.1,,,5.83,"1,072.0",51456,108.8,,5.47,1031,49488,113.1
2005.08," 229,600 ", 5.87 ," 1,086 ",23.2 ," 56,177 "," 52,128 ",107.8 , 106.5 ,110.8,,,5.98,"1,099.0",52752,106.5,,5.61,1056,50688,110.8
2005.09," 225,400 ", 5.90 ," 1,070 ",22.8 ," 56,385 "," 51,360 ",109.8 , 108.7 ,113.3,,,6.00,"1,081.0",51888,108.7,,5.62,1037,49776,113.3
2005.10," 229,200 ", 6.03 ," 1,103 ",23.4 ," 56,591 "," 52,944 ",106.9 , 105.6 ,110.7,,,6.14,"1,116.0",53568,105.6,,5.71,1065,51120,110.7
2005.11," 225,200 ", 6.26 ," 1,110 ",23.5 ," 56,782 "," 53,280 ",106.6 , 105.1 ,109.7,,,6.39,"1,126.0",54048,105.1,,5.98,1078,51744,109.7
2005.12," 221,600 ", 6.33 ," 1,101 ",23.2 ," 56,991 "," 52,848 ",107.8 , 106.2 ,111.7,,,6.48,"1,118.0",53664,106.2,,6,1063,51024,111.7
2006.01," 216,800 ", 6.35 ," 1,079 ",22.5 ," 57,471 "," 51,792 ",111.0 , 109.9 ,113.8,,,6.44,"1,089.0",52272,109.9,,6.11,1052,50496,113.8
2006.02," 214,300 ", 6.36 ," 1,068 ",22.2 ," 57,712 "," 51,264 ",112.6 , 111.5 ,115.5,,,6.45,"1,078.0",51744,111.5,,6.12,1041,49968,115.5
2006.03," 217,200 ", 6.47 ," 1,095 ",22.7 ," 57,902 "," 52,560 ",110.2 , 109.8 ,111.5,,,6.51,"1,099.0",52752,109.8,,6.36,1082,51936,111.5
2006.04," 222,600 ", 6.55 ," 1,131 ",23.3 ," 58,159 "," 54,288 ",107.1 , 106.7 ,108.6,,,6.59,"1,136.0",54528,106.7,,6.42,1116,53568,108.6
2006.05," 228,500 ", 6.65 ," 1,174 ",24.2 ," 58,261 "," 56,352 ",103.4 , 102.9 ,105.1,,,6.70,"1,180.0",56640,102.9,,6.5,1155,55440,105.1
2006.06," 230,100 ", 6.69 ," 1,187 ",24.3 ," 58,497 "," 56,976 ",102.7 , 102.0 ,104.5,,,6.76,"1,195.0",57360,102,,6.52,1166,55968,104.5
2006.07," 230,900 ", 6.82 ," 1,207 ",24.7 ," 58,590 "," 57,936 ",101.1 , 100.5 ,103.2,,,6.88,"1,214.0",58272,100.5,,6.63,1183,56784,103.2
2006.08," 224,000 ", 6.81 ," 1,169 ",23.9 ," 58,767 "," 56,112 ",104.7 , 104.5 ,105.6,,,6.83,"1,172.0",56256,104.5,,6.72,1159,55632,105.6
2006.09," 221,100 ", 6.64 ," 1,134 ",23.1 ," 58,933 "," 54,432 ",108.3 , 107.8 ,111.0,,,6.68,"1,139.0",54672,107.8,,6.4,1106,53088,111
2006.10," 219,600 ", 6.60 ," 1,122 ",22.8 ," 59,102 "," 53,856 ",109.7 , 109.3 ,112.7,,,6.64,"1,127.0",54096,109.3,,6.35,1093,52464,112.7
2006.11," 216,700 ", 6.51 ," 1,097 ",22.2 ," 59,286 "," 52,656 ",112.6 , 112.4 ,114.4,,,6.53,"1,099.0",52752,112.4,,6.36,1080,51840,114.4
2006.12," 220,800 ", 6.45 ," 1,111 ",22.4 ," 59,636 "," 53,328 ",111.8 , 111.7 ,112.9,,,6.46,"1,112.0",53376,111.7,,6.36,1100,52800,112.9
2007.01," 209,300 ", 6.42 ," 1,050 ",21.0 ," 60,058 "," 50,400 ",119.2 , 119.0 ,120.2,,,6.43,"1,051.0",50448,119,,6.34,1041,49968,120.2
2007.02," 212,400 ", 6.46 ," 1,070 ",21.3 ," 60,358 "," 51,360 ",117.5 , 117.4 ,119.1,,,6.47,"1,071.0",51408,117.4,,6.34,1056,50688,119.1
2007.03," 216,200 ", 6.38 ," 1,080 ",21.4 ," 60,664 "," 51,840 ",117.0 , 116.7 ,119.2,,,6.41,"1,083.0",51984,116.7,,6.21,1060,50880,119.2
2007.04," 219,300 ", 6.34 ," 1,091 ",21.5 ," 60,777 "," 52,368 ",116.1 , 115.8 ,118.3,,,6.36,"1,093.0",52464,115.8,,6.16,1070,51360,118.3
2007.05," 221,900 ", 6.43 ," 1,114 ",22.0 ," 60,889 "," 53,472 ",113.9 , 113.7 ,115.8,,,6.45,"1,116.0",53568,113.7,,6.27,1095,52560,115.8
2007.06," 229,200 ", 6.63 ," 1,175 ",23.1 ," 60,951 "," 56,400 ",108.1 , 107.8 ,110.3,,,6.66,"1,178.0",56544,107.8,,6.43,1151,55248,110.3
2007.07," 228,500 ", 6.80 ," 1,192 ",23.4 ," 61,151 "," 57,216 ",106.9 , 106.3 ,110.6,,,6.85,"1,198.0",57504,106.3,,6.47,1152,55296,110.6
2007.08," 223,700 ", 6.79 ," 1,165 ",22.8 ," 61,254 "," 55,920 ",109.5 , 109.2 ,111.8,,,6.82,"1,169.0",56112,109.2,,6.58,1141,54768,111.8
2007.09," 208,600 ", 6.66 ," 1,072 ",20.9 ," 61,635 "," 51,456 ",119.8 , 119.8 ,120.1,,,6.66,"1,072.0",51456,119.8,,6.63,1069,51312,120.1
2007.10," 204,800 ", 6.56 ," 1,042 ",20.2 ," 61,801 "," 50,016 ",123.6 , 123.4 ,125.2,,,6.57,"1,043.0",50064,123.4,,6.43,1028,49344,125.2
2007.11," 207,300 ", 6.41 ," 1,038 ",20.1 ," 62,076 "," 49,824 ",124.6 , 124.2 ,127.8,,,6.43,"1,041.0",49968,124.2,,6.17,1012,48576,127.8
2007.12," 205,000 ", 6.31 ," 1,016 ",19.5 ," 62,467 "," 48,768 ",128.1 , 127.8 ,132.1,,,6.33,"1,018.0",48864,127.8,,6.02,985,47280,132.1
2008.01," 197,200 ", 6.04 , 950 ,18.2 ," 62,790 "," 45,600 ",137.7 , 137.4 ,140.7,,,6.06,952.0,45696,137.4,,5.84,930,44640,140.7
2008.02," 193,600 ", 5.94 , 923 ,17.6 ," 62,958 "," 44,304 ",142.1 , 141.5 ,149.4,,,5.98,927.0,44496,141.5,,5.49,878,42144,149.4
2008.03," 197,600 ", 6.10 , 958 ,18.2 ," 63,217 "," 45,984 ",137.5 , 136.8 ,144.9,,,6.15,963.0,46224,136.8,,5.61,909,43632,144.9
2008.04," 199,600 ", 6.03 , 960 ,18.2 ," 63,157 "," 46,080 ",137.1 , 136.5 ,143.0,,,6.06,964.0,46272,136.5,,5.63,920,44160,143
2008.05," 206,000 ", 6.10 , 999 ,18.9 ," 63,557 "," 47,952 ",132.5 , 132.0 ,139.2,,,6.14,"1,003.0",48144,132,,5.65,951,45648,139.2
2008.06," 213,600 ", 6.28 ," 1,055 ",19.8 ," 63,847 "," 50,640 ",126.1 , 125.2 ,132.7,,,6.34,"1,062.0",50976,125.2,,5.79,1002,48096,132.7
2008.07," 208,900 ", 6.48 ," 1,054 ",19.9 ," 63,593 "," 50,592 ",125.7 , 124.9 ,132.8,,,6.54,"1,061.0",50928,124.9,,5.96,998,47904,132.8
2008.08," 201,900 ", 6.53 ," 1,024 ",19.3 ," 63,747 "," 49,152 ",129.7 , 128.9 ,138.2,,,6.59,"1,030.0",49440,128.9,,5.93,961,46128,138.2
2008.09," 190,300 ", 6.22 , 934 ,17.6 ," 63,776 "," 44,832 ",142.3 , 142.0 ,148.1,,,6.24,936.0,44928,142,,5.84,897,43056,148.1
2008.10," 185,700 ", 6.23 , 913 ,17.2 ," 63,618 "," 43,824 ",145.2 , 145.2 ,146.3,,,6.23,913.0,43824,145.2,,6.16,906,43488,146.3
2008.11," 179,900 ", 6.26 , 887 ,16.8 ," 63,342 "," 42,576 ",148.8 , 148.6 ,154.2,,,6.27,888.0,42624,148.6,,5.93,856,41088,154.2
2008.12," 175,000 ", 5.59 , 803 ,15.3 ," 62,789 "," 38,544 ",162.9 , 162.9 ,N/A*,,,5.59,803.0,38544,162.9,,,,,
2009.01," 164,200 ", 5.21 , 722 ,14.2 ," 61,041 "," 34,656 ",176.1 , 176.4 ,N/A*,,,5.19,721.0,34608,176.4,,,,,
2009.02," 167,900 ", 5.12 , 731 ,14.6 ," 60,116 "," 35,088 ",171.3 , 171.6 ,N/A*,,,5.11,730.0,35040,171.6,,,,,
2009.03," 169,700 ", 5.14 , 740 ,14.8 ," 59,854 "," 35,520 ",168.5 , 168.7 ,N/A*,,,5.12,739.0,35472,168.7,,,,,
2009.04," 166,000 ", 4.96 , 710 ,14.1 ," 60,519 "," 34,080 ",177.6 , 177.8 ,N/A*,,,4.95,709.0,34032,177.8,,,,,
2009.05," 174,600 ", 4.95 , 746 ,14.6 ," 61,258 "," 35,808 ",171.1 , 171.1 ,N/A*,,,4.96,746.0,35808,171.1,,,,,
2009.06," 181,900 ", 5.16 , 795 ,15.6 ," 61,344 "," 38,160 ",160.8 , 160.4 ,N/A*,,,5.18,797.0,38256,160.4,,,,,
2009.07," 181,700 ", 5.34 , 811 ,16.0 ," 60,916 "," 38,928 ",156.5 , 155.9 ,N/A*,,,5.37,814.0,39072,155.9,,,,,
2009.08," 177,100 ", 5.33 , 789 ,15.5 ," 61,185 "," 37,872 ",161.6 , 160.9 ,N/A*,,,5.36,792.0,38016,160.9,,,,,
2009.09," 175,900 ", 5.24 , 776 ,15.2 ," 61,141 "," 37,248 ",164.1 , 163.5 ,N/A*,,,5.27,779.0,37392,163.5,,,,,
2009.10," 172,000 ", 5.10 , 747 ,14.6 ," 61,236 "," 35,856 ",170.8 , 170.1 ,N/A*,,,5.13,750.0,36000,170.1,,,,,
2009.11," 169,300 ", 5.09 , 735 ,14.3 ," 61,854 "," 35,280 ",175.3 , 174.6 ,N/A*,,,5.13,738.0,35424,174.6,,,,,
2009.12," 169,600 ", 5.00 , 728 ,14.0 ," 62,520 "," 34,944 ",178.9 , 177.7 ,N/A*,,,5.06,733.0,35184,177.7,,,,,
2010.01," 163,800 ", 5.08 , 710 ,14.0 ," 60,896 "," 34,080 ",178.7 , 178.4 ,N/A*,,,5.10,711.0,34128,178.4,,,,,
2010.02," 163,900 ", 5.13 , 714 ,14.1 ," 60,866 "," 34,272 ",177.6 , 176.6 ,N/A*,,,5.17,718.0,34464,176.6,,,,,
2010.03," 169,500 ", 5.07 , 734 ,14.5 ," 60,804 "," 35,232 ",172.6 , 171.9 ,N/A*,,,5.11,737.0,35376,171.9,,,,,
2010.04," 172,500 ", 5.10 , 749 ,14.8 ," 60,712 "," 35,952 ",168.9 , 168.2 ,N/A*,,,5.13,752.0,36096,168.2,,,,,
2010.05," 174,500 ", 5.09 , 757 ,15.0 ," 60,635 "," 36,336 ",166.9 , 165.8 ,N/A*,,,5.15,762.0,36576,165.8,,,,,
2010.06," 183,500 ", 5.02 , 790 ,15.6 ," 60,617 "," 37,920 ",159.9 , 159.5 ,N/A*,,,5.04,792.0,38016,159.5,,,,,
2010.07," 183,000 ", 4.90 , 777 ,15.4 ," 60,577 "," 37,296 ",162.4 , 161.8 ,N/A*,,,4.93,780.0,37440,161.8,,,,,
2010.08," 178,100 ", 4.76 , 744 ,14.8 ," 60,509 "," 35,712 ",169.4 , 168.5 ,N/A*,,,4.80,748.0,35904,168.5,,,,,
2010.09," 172,400 ", 4.68 , 714 ,14.2 ," 60,504 "," 34,272 ",176.5 , 176.0 ,N/A*,,,4.71,716.0,34368,176,,,,,
2010.10," 171,500 ", 4.62 , 705 ,14.0 ," 60,431 "," 33,840 ",178.6 , 178.3 ,N/A*,,,4.63,706.0,33888,178.3,,,,,
2010.11," 170,900 ", 4.54 , 696 ,13.8 ," 60,414 "," 33,408 ",180.8 , 179.8 ,N/A*,,,4.59,700.0,33600,179.8,,,,,
2010.12," 169,300 ", 4.69 , 702 ,14.0 ," 60,347 "," 33,696 ",179.1 , 177.8 ,N/A*,,,4.75,707.0,33936,177.8,,,,,
2011.01," 158,500 ", 4.82 , 667 ,13.1 ," 61,242 "," 32,016 ",191.3 , 190.1 ,N/A*,,,4.88,671.0,32208,190.1,,,,,
2011.02," 156,900 ", 4.91 , 667 ,13.1 ," 61,316 "," 32,016 ",191.5 , 190.1 ,N/A*,,,4.97,672.0,32256,190.1,,,,,
2011.03," 160,600 ", 4.98 , 688 ,13.5 ," 61,341 "," 33,024 ",185.7 , 183.3 ,N/A*,,,5.09,697.0,33456,183.3,,,,,
2011.04," 161,300 ", 4.93 , 687 ,13.4 ," 61,405 "," 32,976 ",186.2 , 183.8 ,N/A*,,,5.04,696.0,33408,183.8,,,,,
2011.05," 169,800 ", 4.87 , 718 ,14.0 ," 61,411 "," 34,464 ",178.2 , 175.7 ,N/A*,,,4.98,728.0,34944,175.7,,,,,
2011.06," 176,100 ", 4.75 , 735 ,14.4 ," 61,449 "," 35,280 ",174.2 , 172.1 ,N/A*,,,4.86,744.0,35712,172.1,,,,,
2011.07," 171,700 ", 4.70 , 712 ,13.9 ," 61,519 "," 34,176 ",180.0 , 178.0 ,N/A*,,,4.79,720.0,34560,178,,,,,
2011.08," 171,200 ", 4.69 , 710 ,13.9 ," 61,510 "," 34,080 ",180.5 , 179.5 ,N/A*,,,4.75,714.0,34272,179.5,,,,,
2011.09," 165,400 ", 4.51 , 671 ,13.1 ," 61,526 "," 32,208 ",191.0 , 187.1 ,N/A*,,,4.68,685.0,32880,187.1,,,,,
2011.10," 161,100 ", 4.32 , 639 ,12.4 ," 61,591 "," 30,672 ",200.8 , 196.5 ,N/A*,,,4.50,653.0,31344,196.5,,,,,
2011.11," 164,000 ", 4.33 , 652 ,12.7 ," 61,545 "," 31,296 ",196.7 , 192.2 ,N/A*,,,4.53,667.0,32016,192.2,,,,,
2011.12," 162,600 ", 4.27 , 641 ,12.5 ," 61,600 "," 30,768 ",200.2 , 194.7 ,N/A*,,,4.50,659.0,31632,194.7,,,,,
2012.01," 154,600 ", 4.37 , 617 ,12.0 ," 61,906 "," 29,616 ",209.0 , 204.4 ,N/A*,,,4.56,631.0,30288,204.4,,,,,
2012.02," 156,100 ", 4.21 , 611 ,11.8 ," 62,089 "," 29,328 ",211.7 , 204.0 ,N/A*,,,4.52,634.0,30432,204,,,,,
2012.03," 165,100 ", 3.96 , 628 ,12.1 ," 62,208 "," 30,144 ",206.4 , 203.5 ,N/A*,,,4.09,637.0,30576,203.5,,,,,
2012.04," 174,100 ", 4.04 , 668 ,12.9 ," 62,319 "," 32,064 ",194.4 , 191.2 ,N/A*,,,4.18,679.0,32592,191.2,,,,,
2012.05," 180,200 ", 3.92 , 682 ,13.1 ," 62,312 "," 32,736 ",190.3 , 186.8 ,N/A*,,,4.08,695.0,33360,186.8,,,,,
2012.06," 189,600 ", 3.81 , 708 ,13.6 ," 62,330 "," 33,984 ",183.4 , 181.1 ,N/A*,,,3.92,717.0,34416,181.1,,,,,
2012.07," 188,600 ", 3.78 , 701 ,13.5 ," 62,420 "," 33,648 ",185.5 , 183.7 ,N/A*,,,3.86,708.0,33984,183.7,,,,,
2012.08," 185,500 ", 3.70 , 683 ,13.1 ," 62,426 "," 32,784 ",190.4 , 188.5 ,N/A*,,,3.78,690.0,33120,188.5,,,,,
2012.09," 178,900 ", 3.68 , 657 ,12.6 ," 62,614 "," 31,536 ",198.5 , 196.2 ,N/A*,,,3.78,665.0,31920,196.2,,,,,
2012.10," 177,000 ", 3.57 , 641 ,12.2 ," 62,841 "," 30,768 ",204.2 , 201.7 ,N/A*,,,3.66,649.0,31152,201.7,,,,,
2012.11," 179,400 ", 3.50 , 644 ,12.2 ," 63,145 "," 30,912 ",204.3 , 202.4 ,N/A*,,,3.57,650.0,31200,202.4,,,,,
2012.12," 180,300 ", 3.43 , 642 ,12.1 ," 63,719 "," 30,816 ",206.8 , 204.9 ,N/A*,,,3.50,648.0,31104,204.9,,,,,
2013.01," 171,100 ", 3.47 , 612 ,11.6 ," 63,185 "," 29,376 ",215.1 , 213.3 ,N/A*,,,3.53,617.0,29616,213.3,,,,,
2013.02," 173,500 ", 3.56 , 628 ,11.9 ," 63,237 "," 30,144 ",209.8 , 208.1 ,N/A*,,,3.62,633.0,30384,208.1,,,,,
2013.03," 184,500 ", 3.66 , 676 ,12.8 ," 63,338 "," 32,448 ",195.2 , 193.2 ,N/A*,,,3.74,683.0,32784,193.2,,,,,
2013.04," 192,100 ", 3.69 , 706 ,13.3 ," 63,581 "," 33,888 ",187.6 , 185.5 ,N/A*,,,3.78,714.0,34272,185.5,,,,,
2013.05," 203,600 ", 3.57 , 738 ,13.8 ," 63,943 "," 35,424 ",180.5 , 179.1 ,N/A*,,,3.64,744.0,35712,179.1,,,,,
2013.06," 214,600 ", 3.67 , 787 ,14.7 ," 64,146 "," 37,776 ",169.8 , 167.7 ,N/A*,,,3.77,797.0,38256,167.7,,,,,
2013.07," 213,000 ", 4.13 , 826 ,15.5 ," 64,131 "," 39,648 ",161.8 , 159.4 ,N/A*,,,4.25,838.0,40224,159.4,,,,,
2013.08," 209,700 ", 4.41 , 841 ,15.7 ," 64,310 "," 40,368 ",159.3 , 157.6 ,N/A*,,,4.50,850.0,40800,157.6,,,,,
2013.09," 198,500 ", 4.53 , 807 ,15.0 ," 64,533 "," 38,736 ",166.6 , 164.4 ,N/A*,,,4.64,818.0,39264,164.4,,,,,
2013.10," 197,600 ", 4.49 , 800 ,14.9 ," 64,521 "," 38,400 ",168.0 , 166.2 ,N/A*,,,4.59,809.0,38832,166.2,,,,,
2013.11," 195,300 ", 4.38 , 781 ,14.5 ," 64,799 "," 37,488 ",172.9 , 170.7 ,N/A*,,,4.49,791.0,37968,170.7,,,,,
2013.12," 197,700 ", 4.41 , 793 ,14.7 ," 64,714 "," 38,064 ",170.0 , 167.3 ,N/A*,,,4.55,806.0,38688,167.3,,,,,
2014.01," 187,900 ", 4.54 , 765 ,14.2 ," 64,868 "," 36,720 ",176.7 , 173.3 ,N/A*,,,4.70,780.0,37440,173.3,,,,,
2014.02," 188,800 ", 4.47 , 763 ,14.1 ," 65,101 "," 36,624 ",177.8 , 175.2 ,N/A*,,,4.60,774.0,37152,175.2,,,,,
2014.03," 196,500 ", 4.38 , 785 ,14.4 ," 65,343 "," 37,680 ",173.4 , 170.4 ,N/A*,,,4.53,799.0,38352,170.4,,,,,
2014.04," 201,000 ", 4.39 , 804 ,14.7 ," 65,508 "," 38,592 ",169.7 , 166.4 ,N/A*,,,4.55,820.0,39360,166.4,,,,,
2014.05," 212,000 ", 4.34 , 843 ,15.4 ," 65,678 "," 40,464 ",162.3 , 159.7 ,N/A*,,,4.48,857.0,41136,159.7,,,,,
2014.06," 223,000 ", 4.23 , 876 ,16.0 ," 65,876 "," 42,048 ",156.7 , 154.4 ,N/A*,,,4.36,889.0,42672,154.4,,,,,
2014.07," 222,500 ", 4.25 , 876 ,15.9 ," 66,032 "," 42,048 ",157.0 , 154.9 ,N/A*,,,4.37,888.0,42624,154.9,,,,,
2014.08," 219,100 ", 4.24 , 861 ,15.6 ," 66,212 "," 41,328 ",160.2 , 158.0 ,N/A*,,,4.35,873.0,41904,158,,,,,
2014.09," 209,600 ", 4.21 , 821 ,14.8 ," 66,345 "," 39,408 ",168.4 , 165.7 ,N/A*,,,4.34,834.0,40032,165.7,,,,,
2014.10," 208,000 ", 4.29 , 822 ,14.8 ," 66,496 "," 39,456 ",168.5 , 166.5 ,N/A*,,,4.39,832.0,39936,166.5,,,,,
2014.11," 207,900 ", 4.16 , 809 ,14.6 ," 66,651 "," 38,832 ",171.6 , 169.3 ,N/A*,,,4.27,820.0,39360,169.3,,,,,
2014.12," 209,200 ", 4.16 , 815 ,14.6 ," 66,812 "," 39,120 ",170.8 , 169.3 ,N/A*,,,4.24,822.0,39456,169.3,,,,,
2015.01," 198,600 ", 4.04 , 762 ,13.6 ," 67,310 "," 36,576 ",184.0 , 182.1 ,N/A*,,,4.12,770.0,36960,182.1,,,,,
2015.02," 203,500 ", 3.92 , 770 ,13.7 ," 67,536 "," 36,960 ",182.7 , 181.5 ,N/A*,,,3.98,775.0,37200,181.5,,,,,
2015.03," 212,100 ", 3.95 , 805 ,14.3 ," 67,541 "," 38,640 ",174.8 , 173.1 ,N/A*,,,4.03,813.0,39024,173.1,,,,,
2015.04," 220,000 ", 3.95 , 835 ,14.8 ," 67,852 "," 40,080 ",169.3 , 168.3 ,N/A*,,,4.00,840.0,40320,168.3,,,,,
2015.05," 230,500 ", 3.90 , 870 ,15.3 ," 68,166 "," 41,760 ",163.2 , 162.5 ,N/A*,,,3.94,874.0,41952,162.5,,,,,
2015.06," 237,900 ", 3.99 , 908 ,15.9 ," 68,373 "," 43,584 ",156.9 , 156.0 ,N/A*,,,4.04,913.0,43824,156,,,,,
2015.07," 233,400 ", 4.19 , 912 ,16.0 ," 68,569 "," 43,776 ",156.6 , 156.1 ,N/A*,,,4.22,915.0,43920,156.1,,,,,
2015.08," 230,000 ", 4.15 , 894 ,15.6 ," 68,665 "," 42,912 ",160.0 , 158.9 ,N/A*,,,4.20,900.0,43200,158.9,,,,,
2015.09," 223,300 ", 4.10 , 863 ,15.1 ," 68,714 "," 41,424 ",165.9 , 165.1 ,N/A*,,,4.14,867.0,41616,165.1,,,,,
2015.10," 220,600 ", 4.05 , 848 ,14.8 ," 68,779 "," 40,704 ",169.0 , 168.0 ,N/A*,,,4.10,853.0,40944,168,,,,,
2015.11," 221,400 ", 4.01 , 847 ,14.8 ," 68,742 "," 40,656 ",169.1 , 168.1 ,N/A*,,,4.06,852.0,40896,168.1,,,,,
2015.12," 224,900 ", 4.14 , 874 ,15.2 ," 68,868 "," 41,952 ",164.2 , 163.2 ,N/A*,,,4.19,879.0,42192,163.2,,,,,
2016.01," 214,800 ", 4.12 , 832 ,14.3 ," 69,810 "," 39,936 ",174.8 , 173.1 ,N/A*,,,4.20,840.0,40320,173.1,,,,,
2016.02," 213,600 ", 4.04 , 820 ,14.1 ," 69,786 "," 39,360 ",177.3 , 176.2 ,N/A*,,,4.09,825.0,39600,176.2,,,,,
2016.03," 223,100 ", 3.87 , 839 ,14.4 ," 70,073 "," 40,272 ",174.0 , 173.0 ,N/A*,,,3.92,844.0,40512,173,,,,,
2016.04," 232,000 ", 3.89 , 874 ,14.9 ," 70,336 "," 41,952 ",167.7 , 166.5 ,N/A*,,,3.94,880.0,42240,166.5,,,,,
2016.05," 240,300 ", 3.83 , 899 ,15.3 ," 70,471 "," 43,152 ",163.3 , 162.6 ,N/A*,,,3.87,903.0,43344,162.6,,,,,
2016.06," 249,800 ", 3.84 , 936 ,15.9 ," 70,765 "," 44,928 ",157.5 , 157.0 ,N/A*,,,3.87,939.0,45072,157,,,,,
2016.07," 245,100 ", 3.77 , 910 ,15.4 ," 70,999 "," 43,680 ",162.5 , 161.7 ,N/A*,,,3.81,915.0,43920,161.7,,,,,
2016.08," 241,900 ", 3.74 , 895 ,15.1 ," 71,283 "," 42,960 ",165.9 , 165.4 ,N/A*,,,3.77,898.0,43104,165.4,,,,,
2016.09," 236,900 ", 3.78 , 881 ,14.7 ," 71,728 "," 42,288 ",169.6 , 169.4 ,N/A*,,,3.79,882.0,42336,169.4,,,,,
2016.10," 235,600 ", 3.76 , 874 ,14.5 ," 72,167 "," 41,952 ",172.0 , 171.6 ,N/A*,,,3.78,876.0,42048,171.6,,,,,
2016.11," 236,000 ", 3.82 , 882 ,14.6 ," 72,448 "," 42,336 ",171.1 , 170.7 ,N/A*,,,3.84,884.0,42432,170.7,,,,,
2016.12," 234,600 ", 4.15 , 912 ,15.0 ," 72,876 "," 43,776 ",166.5 , 165.7 ,N/A*,,,4.18,916.0,43968,165.7,,,,,
2017.01," 228,700 ", 4.38 , 914 ,15.1 ," 72,600 "," 43,872 ",165.5 , 164.8 ,N/A*,,,4.42,918.0,44064,164.8,,,,,
2017.02," 229,800 ", 4.43 , 924 ,15.2 ," 72,883 "," 44,352 ",164.3 , 163.8 ,N/A*,,,4.46,927.0,44496,163.8,,,,,
2017.03," 238,000 ", 4.28 , 940 ,15.4 ," 73,111 "," 45,120 ",162.0 , 161.9 ,N/A*,,,4.29,941.0,45168,161.9,,,,,
2017.04," 246,300 ", 4.11 , 953 ,15.6 ," 73,222 "," 45,744 ",160.1 , 160.1 ,N/A*,,,4.11,953.0,45744,160.1,,,,,
2017.05," 254,300 ", 4.01 , 972 ,15.9 ," 73,478 "," 46,656 ",157.5 , 157.5 ,N/A*,,,4.01,972.0,46656,157.5,,,,,
2017.06," 265,500 ", 4.14 ," 1,031 ",16.8 ," 73,525 "," 49,488 ",148.6 , 148.6 ,N/A*,,,4.14,"1,031.0",49488,148.6,,,,,
2017.07," 260,300 ", 4.14 ," 1,011 ",16.4 ," 73,761 "," 48,528 ",152.0 , 152.0 ,N/A*,,,4.14,"1,011.0",48528,152,,,,,
2017.08," 254,800 ", 4.19 , 996 ,16.1 ," 74,039 "," 47,808 ",154.9 , 154.7 ,N/A*,,,4.20,997.0,47856,154.7,,,,,
2017.09," 249,100 ", 4.15 , 969 ,15.6 ," 74,452 "," 46,512 ",160.1 , 159.9 ,N/A*,,,4.16,970.0,46560,159.9,,,,,
2017.10," 247,200 ", 4.11 , 957 ,15.3 ," 74,834 "," 45,936 ",162.9 , 162.9 ,N/A*,,,4.11,957.0,45936,162.9,,,,,
2017.11," 248,200 ", 4.19 , 970 ,15.5 ," 75,193 "," 46,560 ",161.5 , 161.3 ,N/A*,,,4.20,971.0,46608,161.3,,,,,
2017.12," 247,900 ", 4.22 , 972 ,15.4 ," 75,594 "," 46,656 ",162.0 , 162.0 ,N/A*,,,4.22,972.0,46656,162,,,,,
2018.01," 241,900 ", 4.27 , 954 ,15.2 ," 75,478 "," 45,792 ",164.8 , 164.7 ,N/A*,,,4.28,955.0,45840,164.7,,,,,
2018.02," 242,600 ", 4.42 , 974 ,15.4 ," 75,655 "," 46,752 ",161.8 , 161.7 ,N/A*,,,4.43,975.0,46800,161.7,,,,,
2018.03," 251,500 ", 4.63 ," 1,035 ",16.4 ," 75,854 "," 49,680 ",152.7 , 152.5 ,N/A*,,,4.64,"1,036.0",49728,152.5,,,,,
2018.04," 259,800 ", 4.66 ," 1,073 ",16.9 ," 75,974 "," 51,504 ",147.5 , 147.4 ,N/A*,,,4.67,"1,074.0",51552,147.4,,,,,
2018.05," 267,800 ", 4.71 ," 1,112 ",17.5 ," 76,145 "," 53,376 ",142.7 , 142.7 ,N/A*,,,4.71,"1,112.0",53376,142.7,,,,,
2018.06," 276,500 ", 4.74 ," 1,153 ",18.1 ," 76,346 "," 55,344 ",137.9 , 137.9 ,N/A*,,,4.74,"1,153.0",55344,137.9,,,,,
2018.07," 271,900 ", 4.75 ," 1,135 ",17.8 ," 76,556 "," 54,480 ",140.5 , 140.5 ,N/A*,,,4.75,"1,135.0",54480,140.5,,,,,
2018.08," 268,200 ", 4.78 ," 1,123 ",17.6 ," 76,748 "," 53,904 ",142.4 , 142.4 ,N/A*,,,4.78,"1,123.0",53904,142.4,,,,,
2018.09," 259,300 ", 4.77 ," 1,085 ",17.0 ," 76,756 "," 52,080 ",147.4 , 147.4 ,N/A*,,,4.77,"1,085.0",52080,147.4,,,,,
2018.10," 257,700 ", 4.88 ," 1,092 ",17.0 ," 76,896 "," 52,416 ",146.7 , 146.7 ,N/A*,,,4.88,"1,092.0",52416,146.7,,,,,
2018.11," 259,900 ", 4.99 ," 1,115 ",17.4 ," 76,974 "," 53,520 ",143.8 , 143.8 ,N/A*,,,4.99,"1,115.0",53520,143.8,,,,,
2018.12," 256,400 ", 4.99 ," 1,100 ",17.0 ," 77,426 "," 52,800 ",146.6 , 146.6 ,N/A*,,,4.99,"1,100.0",52800,146.6,,,,,
2019.01," 251,200 ",4.76 ," 1,050 ",16.2 ," 77,724 "," 50,400.0 ",154.2,154.2,N/A*,,,4.76,1050,50400,154.2,,,,,
2019.02," 252,000 ",4.60 ," 1,033 ",15.9 ," 78,071 "," 49,584.0 ",157.5,157.5,N/A*,,,4.60,1033,49584,157.5,,,,,
2019.03," 261,500 ",4.51 ," 1,061 ",16.3 ," 78,340 "," 50,928.0 ",153.8,153.8,N/A*,,,4.51,1061,50928,153.8,,,,,
2019.04," 269,100 ",4.30 ," 1,065 ",16.3 ," 78,536 "," 51,120.0 ",153.6,153.6,N/A*,,,4.30,1065,51120,153.6,,,,,
2019.05," 280,900 ",4.11 ," 1,087 ",16.6 ," 78,670 "," 52,176.0 ",N/A*,150.8,N/A*,"as of May 2019, HAI computation is based on Freddie Mac 30-year fixed rate mortgage contract rates.NAR calculates the 30-year effective fixed rate based on Freddie Mac's 30-year fixed mortgage contract rate, 30-year fixed mortgage points and fees, and a median loan value based on the NAR median price and a 20 percent downpayment.",,4.11,1087,52176,150.8,,,,,
2019.06," 288,500 ",3.84 ," 1,081 ",16.4 ," 78,895 "," 51,888.0 ",N/A*,152.0,N/A*,"as of May 2019, HAI computation is based on Freddie Mac 30-year fixed rate mortgage contract rates.NAR calculates the 30-year effective fixed rate based on Freddie Mac's 30-year fixed mortgage contract rate, 30-year fixed mortgage points and fees, and a median loan value based on the NAR median price and a 20 percent downpayment.",,3.84,1081,51888,152,,,,,
2019.07," 283,600 ",3.82 ," 1,060 ",16.1 ," 79,108 "," 50,880.0 ",N/A*,155.5,N/A*,"as of May 2019, HAI computation is based on Freddie Mac 30-year fixed rate mortgage contract rates.NAR calculates the 30-year effective fixed rate based on Freddie Mac's 30-year fixed mortgage contract rate, 30-year fixed mortgage points and fees, and a median loan value based on the NAR median price and a 20 percent downpayment.",,3.82,1060,50880,155.5,,,,,
2019.08," 281,900 ",3.66 ," 1,033 ",15.6 ," 79,353 "," 49,584.0 ",N/A*,160.0,N/A*,"as of May 2019, HAI computation is based on Freddie Mac 30-year fixed rate mortgage contract rates.NAR calculates the 30-year effective fixed rate based on Freddie Mac's 30-year fixed mortgage contract rate, 30-year fixed mortgage points and fees, and a median loan value based on the NAR median price and a 20 percent downpayment.",,3.66,1033,49584,160,,,,,
2019.09," 274,400 ",3.65 ," 1,004 ",15.2 ," 79,487 "," 48,192.0 ",N/A*,164.9,N/A*,"as of May 2019, HAI computation is based on Freddie Mac 30-year fixed rate mortgage contract rates.NAR calculates the 30-year effective fixed rate based on Freddie Mac's 30-year fixed mortgage contract rate, 30-year fixed mortgage points and fees, and a median loan value based on the NAR median price and a 20 percent downpayment.",,3.65,1004,48192,164.9,,,,,
2019.10," 273,800 ",3.74 ," 1,013 ",15.3 ," 79,558 "," 48,624.0 ",N/A*,163.6,N/A*,"as of May 2019, HAI computation is based on Freddie Mac 30-year fixed rate mortgage contract rates.NAR calculates the 30-year effective fixed rate based on Freddie Mac's 30-year fixed mortgage contract rate, 30-year fixed mortgage points and fees, and a median loan value based on the NAR median price and a 20 percent downpayment.",,3.74,1013,48624,163.6,,,,,
2019.11," 274,100 ",3.75 ," 1,016 ",15.3 ," 79,839 "," 48,768.0 ",N/A*,163.7,N/A*,"as of May 2019, HAI computation is based on Freddie Mac 30-year fixed rate mortgage contract rates.NAR calculates the 30-year effective fixed rate based on Freddie Mac's 30-year fixed mortgage contract rate, 30-year fixed mortgage points and fees, and a median loan value based on the NAR median price and a 20 percent downpayment.",,3.75,1016,48768,163.7,,,,,
2019.12," 277,000 ",3.78 ," 1,030 ",15.5 ," 79,931 "," 49,440.0 ",N/A*,161.7,N/A*,"as of May 2019, HAI computation is based on Freddie Mac 30-year fixed rate mortgage contract rates.NAR calculates the 30-year effective fixed rate based on Freddie Mac's 30-year fixed mortgage contract rate, 30-year fixed mortgage points and fees, and a median loan value based on the NAR median price and a 20 percent downpayment.",,3.78,1030,49440,161.7,,,,,
,,,,,,,,,,,,,,,,,,,,
,,,,,,,,,,,,,,,,,,,,
,,,,,,,,,,,,,,,,,,,,
,,,,,,,,,,,,,,,,,,,,
,,,,,,,,,,,,,,,,,,,,
,,,,,,,,,,,,,,,,,,,,
,,,,,,,,,,,,,,,,,,,,
,,,,,,,,,,,,,,,,,,,,
,,,,,,,,,,,,,,,,,,,,
,,,,,,,,,,,,,,,,,,,,
,,,,,,,,,,,,,,,,,,,,
,,,,,,,,,,,,,,,,,,,,
,,,,,,,,,,,,,,,,,,,,
,,,,,,,,,,,,,,,,,,,,
,,,,,,,,,,,,,,,,,,,,
,,,,,,,,,,,,,,,,,,,,
,,,,,,,,,,,,,,,,,,,,
,,,,,,,,,,,,,,,,,,,,
,,,,,,,,,,,,,,,,,,,,
,,,,,,,,,,,,,,,,,,,,
,,,,,,,,,,,,,,,,,,,,
,,,,,,,,,,,,,,,,,,,,
,,,,,,,,,,,,,,,,,,,,
,,,,,,,,,,,,,,,,,,,,
,,,,,,,,,,,,,,,,,,,,
,,,,,,,,,,,,,,,,,,,,
,,,,,,,,,,,,,,,,,,,,
,,,,,,,,,,,,,,,,,,,,
,,,,,,,,,,,,,,,,,,,,
,,,,,,,,,,,,,,,,,,,,
,,,,,,,,,,,,,,,,,,,,
,,,,,,,,,,,,,,,,,,,,
,,,,,,,,,,,,,,,,,,,,
,,,,,,,,,,,,,,,,,,,,
,,,,,,,,,,,,,,,,,,,,
,,,,,,,,,,,,,,,,,,,,
,,,,,,,,,,,,,,,,,,,,
,,,,,,,,,,,,,,,,,,,,
,,,,,,,,,,,,,,,,,,,,
,,,,,,,,,,,,,,,,,,,,
,,,,,,,,,,,,,,,,,,,,
,,,,,,,,,,,,,,,,,,,,
,,,,,,,,,,,,,,,,,,,,
,,,,,,,,,,,,,,,,,,,,
,,,,,,,,,,,,,,,,,,,,
,,,,,,,,,,,,,,,,,,,,
,,,,,,,,,,,,,,,,,,,,
,,,,,,,,,,,,,,,,,,,,
,,,,,,,,,,,,,,,,,,,,
,,,,,,,,,,,,,,,,,,,,
,,,,,,,,,,,,,,,,,,,,
,,,,,,,,,,,,,,,,,,,,
,,,,,,,,,,,,,,,,,,,,
,,,,,,,,,,,,,,,,,,,,
,,,,,,,,,,,,,,,,,,,,
,,,,,,,,,,,,,,,,,,,,
,,,,,,,,,,,,,,,,,,,,
,,,,,,,,,,,,,,,,,,,,
,,,,,,,,,,,,,,,,,,,,
,,,,,,,,,,,,,,,,,,,,
,,,,,,,,,,,,,,,,,,,,
,,,,,,,,,,,,,,,,,,,,
,,,,,,,,,,,,,,,,,,,,
,,,,,,,,,,,,,,,,,,,,
,,,,,,,,,,,,,,,,,,,,
,,,,,,,,,,,,,,,,,,,,
,,,,,,,,,,,,,,,,,,,,
,,,,,,,,,,,,,,,,,,,,
,,,,,,,,,,,,,,,,,,,,
,,,,,,,,,,,,,,,,,,,,
,,,,,,,,,,,,,,,,,,,,
,,,,,,,,,,,,,,,,,,,,
,,,,,,,,,,,,,,,,,,,,
,,,,,,,,,,,,,,,,,,,,
,,,,,,,,,,,,,,,,,,,,
,,,,,,,,,,,,,,,,,,,,
,,,,,,,,,,,,,,,,,,,,
,,,,,,,,,,,,,,,,,,,,
,,,,,,,,,,,,,,,,,,,,
,,,,,,,,,,,,,,,,,,,,
,,,,,,,,,,,,,,,,,,,,
,,,,,,,,,,,,,,,,,,,,
,,,,,,,,,,,,,,,,,,,,
,,,,,,,,,,,,,,,,,,,,
,,,,,,,,,,,,,,,,,,,,
,,,,,,,,,,,,,,,,,,,,
,,,,,,,,,,,,,,,,,,,,
,,,,,,,,,,,,,,,,,,,,
,,,,,,,,,,,,,,,,,,,,
,,,,,,,,,,,,,,,,,,,,
,,,,,,,,,,,,,,,,,,,,
,,,,,,,,,,,,,,,,,,,,
,,,,,,,,,,,,,,,,,,,,
,,,,,,,,,,,,,,,,,,,,
,,,,,,,,,,,,,,,,,,,,
,,,,,,,,,,,,,,,,,,,,
,,,,,,,,,,,,,,,,,,,,
,,,,,,,,,,,,,,,,,,,,
,,,,,,,,,,,,,,,,,,,,
,,,,,,,,,,,,,,,,,,,,
,,,,,,,,,,,,,,,,,,,,
,,,,,,,,,,,,,,,,,,,,
,,,,,,,,,,,,,,,,,,,,
,,,,,,,,,,,,,,,,,,,,
,,,,,,,,,,,,,,,,,,,,
,,,,,,,,,,,,,,,,,,,,
,,,,,,,,,,,,,,,,,,,,
,,,,,,,,,,,,,,,,,,,,
,,,,,,,,,,,,,,,,,,,,
,,,,,,,,,,,,,,,,,,,,
,,,,,,,,,,,,,,,,,,,,
,,,,,,,,,,,,,,,,,,,,
,,,,,,,,,,,,,,,,,,,,
,,,,,,,,,,,,,,,,,,,,
,,,,,,,,,,,,,,,,,,,,
,,,,,,,,,,,,,,,,,,,,
,,,,,,,,,,,,,,,,,,,,
,,,,,,,,,,,,,,,,,,,,
,,,,,,,,,,,,,,,,,,,,
,,,,,,,,,,,,,,,,,,,,
,,,,,,,,,,,,,,,,,,,,
,,,,,,,,,,,,,,,,,,,,
,,,,,,,,,,,,,,,,,,,,
,,,,,,,,,,,,,,,,,,,,
,,,,,,,,,,,,,,,,,,,,
,,,,,,,,,,,,,,,,,,,,
,,,,,,,,,,,,,,,,,,,,
,,,,,,,,,,,,,,,,,,,,
,,,,,,,,,,,,,,,,,,,,
,,,,,,,,,,,,,,,,,,,,
,,,,,,,,,,,,,,,,,,,,
,,,,,,,,,,,,,,,,,,,,
,,,,,,,,,,,,,,,,,,,,
,,,,,,,,,,,,,,,,,,,,
,,,,,,,,,,,,,,,,,,,,
,,,,,,,,,,,,,,,,,,,,
,,,,,,,,,,,,,,,,,,,,
,,,,,,,,,,,,,,,,,,,,
,,,,,,,,,,,,,,,,,,,,
,,,,,,,,,,,,,,,,,,,,
,,,,,,,,,,,,,,,,,,,,
,,,,,,,,,,,,,,,,,,,,
,,,,,,,,,,,,,,,,,,,,
,,,,,,,,,,,,,,,,,,,,
,,,,,,,,,,,,,,,,,,,,
,,,,,,,,,,,,,,,,,,,,
,,,,,,,,,,,,,,,,,,,,
,,,,,,,,,,,,,,,,,,,,
,,,,,,,,,,,,,,,,,,,,
,,,,,,,,,,,,,,,,,,,,
,,,,,,,,,,,,,,,,,,,,
,,,,,,,,,,,,,,,,,,,,
,,,,,,,,,,,,,,,,,,,,
,,,,,,,,,,,,,,,,,,,,
,,,,,,,,,,,,,,,,,,,,
,,,,,,,,,,,,,,,,,,,,
,,,,,,,,,,,,,,,,,,,,
,,,,,,,,,,,,,,,,,,,,
,,,,,,,,,,,,,,,,,,,,
,,,,,,,,,,,,,,,,,,,,
,,,,,,,,,,,,,,,,,,,,
,,,,,,,,,,,,,,,,,,,,
,,,,,,,,,,,,,,,,,,,,
,,,,,,,,,,,,,,,,,,,,
,,,,,,,,,,,,,,,,,,,,
,,,,,,,,,,,,,,,,,,,,
,,,,,,,,,,,,,,,,,,,,
,,,,,,,,,,,,,,,,,,,,
,,,,,,,,,,,,,,,,,,,,
,,,,,,,,,,,,,,,,,,,,
,,,,,,,,,,,,,,,,,,,,
,,,,,,,,,,,,,,,,,,,,
,,,,,,,,,,,,,,,,,,,,
,,,,,,,,,,,,,,,,,,,,
,,,,,,,,,,,,,,,,,,,,
,,,,,,,,,,,,,,,,,,,,
,,,,,,,,,,,,,,,,,,,,
,,,,,,,,,,,,,,,,,,,,
,,,,,,,,,,,,,,,,,,,,
,,,,,,,,,,,,,,,,,,,,
,,,,,,,,,,,,,,,,,,,,
,,,,,,,,,,,,,,,,,,,,
,,,,,,,,,,,,,,,,,,,,
,,,,,,,,,,,,,,,,,,,,
,,,,,,,,,,,,,,,,,,,,
,,,,,,,,,,,,,,,,,,,,
,,,,,,,,,,,,,,,,,,,,
,,,,,,,,,,,,,,,,,,,,
,,,,,,,,,,,,,,,,,,,,
,,,,,,,,,,,,,,,,,,,,
,,,,,,,,,,,,,,,,,,,,
,,,,,,,,,,,,,,,,,,,,
,,,,,,,,,,,,,,,,,,,,
,,,,,,,,,,,,,,,,,,,,
