West Regional Housing Affordability Index,,,,,,,,,,,
Annual and Monthly 1989 - Present,,,,,,,,,,,
,,,,,,,,,,,
Existing Home Sales Program © 2019,,,,,,,,,,,
National Association of REALTORS ® Research Team,,,,,,,,,,,
"500 New Jersey Avenue, Washington, DC 20001",,,,,,,,,,,
"Existing Home Sales data are provided by NAR solely for use as a reference. No part of the data may be reproduced, stored in a retrieval system, transmitted or",,,,,,,,,,,
"redistributed in any form or by any means, electronic, mechanical, photocopying, recording or otherwise, without NAR's prior written consent. ",,,,,,,,,,,
,,,,,,,,,,,
, Med-Price ,Monthly, Princp.& ,Median,,,,,,,
, Single-Fam ,Mortgage, Interest ,as %, Family ,Qualifying,,Last,Last,,
, Home ,Rate*, Payment ,Income, Income ,Income**,Composite,Month,Year,,
,,,,,,,,,,,
1989," 138,400 ",9.90, 885 ,22.8," 35,698 ","42,471",84.1,,,,
1990," 141,200 ",9.89, 901 ,29.5," 36,687 ","43,270",84.8,,,,
1991," 147,400 ",9.12, 880 ,28.4," 37,171 ","42,254",88.0,,,,
1992," 143,300 ",8.10, 779 ,24.0," 38,525 ","37,405",103.0,,,,
1993," 144,400 ",6.94, 701 ,21.7," 38,881 ","33,646",115.6,,,,
1994," 151,900 ",7.56, 784 ,23.4," 40,298 ","37,649",107.0,,,,
1995," 153,600 ",7.70, 804 ,23.0," 41,967 ","38,603",108.7,,,,
1996," 160,200 ",7.59, 830 ,23.4," 42,569 ","39,845",106.8,,,,
1997," 169,000 ",7.49, 867 ,22.8," 45,590 ","41,615",109.6,,,,
1998," 179,500 ",6.98, 953 ,24.4," 46,819 ","45,744",102.4,,,,
1999," 189,400 ",7.35," 1,044 ",25.6," 48,918 ","50,112",97.6,,,,
2000," 199,200 ",7.99," 1,168 ",27.4," 51,183 ","56,064",91.3,,,,
2001," 211,700 ",6.99," 1,126 ",26.0," 51,966 ","54,048",96.1,,,,
2002," 234,300 ",6.36," 1,168 ",26.8," 52,253 ","56,064",93.2,,,,
2003," 254,700 ",5.64," 1,175 ",25.6," 55,095 ","56,400",97.7,,,,
2004," 289,100 ",5.61," 1,329 ",29.0," 54,986 ","63,792",86.2,,,,
2005," 340,300 ",5.84," 1,604 ",33.2," 57,985 ","76,992",75.3,,,,
2006," 350,500 ",6.56," 1,783 ",35.0," 61,166 ","85,584",71.5,,,,
2007," 342,500 ",6.50," 1,732 ",32.2," 64,592 ","83,136",77.7,,,,
2008," 276,100 ",6.17," 1,349 ",24.2," 66,907 ","64,752",103.3,,,,
2009," 215,400 ",5.16, 942 ,17.6," 64,404 ","45,216",142.4,,,,
2010," 220,700 ",4.91, 938 ,17.9," 62,905 ","45,024",139.7,,,,
2011," 204,500 ",4.72, 850 ,16.1," 63,215 ","40,800",154.9,,,,
2012," 234,300 ",3.89, 883 ,16.4," 64,485 ","42,384",152.1,,,,
2013," 276,400 ",4.03," 1,059 ",19.2," 66,282 ","50,832",130.4,,,,
2014," 294,400 ",4.30," 1,166 ",20.3," 68,778 ","55,968",122.9,,,,
2015," 319,100 ",4.02," 1,222 ",20.6," 71,322 ","58,656",121.6,,,,
2016," 342,900 ",3.86," 1,288 ",20.7," 74,704 ","61,824",120.8,,,,
2017," 369,400 ",4.17," 1,440 ",22.0," 78,543 ","69,120",113.6,,,,
2018," 388,600 ",4.67," 1,607 ",23.6," 81,552 ","77,136",105.7,,,,
2019," 405,200 ",4.00,"1,548",22.0," 84,460 ",74304.0,113.7,,,,
,,,,,,,,,,,
1989.01," 138,100 ",9.30, 838 ,30.2,"35,294","40,234",82.8,,,,
1989.02," 132,800 ",9.28, 812 ,29.1,"35,334","38,991",86.0,82.8,,,
1989.03," 136,500 ",9.58, 859 ,30.6,"35,415","41,227",81.8,86.0,,,
1989.04," 138,900 ",9.69, 879 ,31.1,"35,495","42,210",80.4,81.8,,,
1989.05," 140,800 ",10.29, 926 ,32.5,"35,576","44,433",76.9,80.4,,,
1989.06," 128,700 ",10.51, 881 ,30.7,"35,657","42,291",81.3,76.9,,,
1989.07," 140,200 ",10.24, 923 ,32.0,"35,739","44,318",78.1,81.3,,,
1989.08," 136,700 ",9.93, 905 ,31.2,"35,820","43,450",80.2,78.1,,,
1989.09," 141,300 ",9.89, 890 ,30.5,"35,902","42,702",82.1,80.2,,,
1989.10," 137,100 ",9.93, 883 ,30.0,"35,984","42,378",83.2,82.1,,,
1989.11," 140,500 ",10.04, 934 ,31.6,"36,066","44,835",79.1,83.2,,,
1989.12," 134,200 ",9.85, 863 ,29.0,"36,148","41,426",86.2,79.1,,,
1990.01," 146,700 ",10.00, 945 ,31.7,"36,230","45,359",78.9,86.2,82.8,,
1990.02," 139,800 ",10.04, 913 ,30.5,"36,313","43,821",81.8,78.9,86.0,,
1990.03," 141,700 ",10.02, 925 ,30.9,"36,396","44,422",80.9,81.8,81.8,,
1990.04," 141,700 ",10.03, 923 ,30.8,"36,479","44,324",81.3,80.9,80.4,,
1990.05," 144,600 ",9.97, 926 ,30.8,"36,562","44,437",81.3,81.3,76.9,,
1990.06," 141,100 ",10.01, 927 ,30.7,"36,645","44,486",81.4,81.3,81.3,,
1990.07," 143,800 ",10.00, 928 ,30.7,"36,707","44,550",81.4,81.4,78.1,,
1990.08," 128,500 ",9.78, 840 ,27.7,"36,747","40,320",90.2,81.4,80.2,,
1990.09," 142,100 ",9.70, 881 ,29.0,"36,787","42,279",86.2,90.2,82.1,,
1990.10," 137,500 ",9.79, 875 ,28.8,"36,828","42,009",86.9,86.2,83.2,,
1990.11," 132,100 ",9.82, 862 ,28.3,"36,868","41,387",88.4,86.9,79.1,,
1990.12," 136,800 ",9.56, 858 ,28.1,"36,908","41,188",89.1,88.4,86.2,,
1991.01," 145,700 ",9.60, 907 ,29.6,"36,948","43,513",84.4,89.1,78.9,,
1991.02," 139,400 ",9.59, 876 ,28.6,"36,989","42,043",87.5,84.4,81.8,,
1991.03," 144,000 ",9.44, 895 ,29.2,"37,029","42,946",85.7,87.5,80.9,,
1991.04," 151,900 ",9.47, 943 ,30.7,"37,070","45,280",81.4,85.7,81.3,,
1991.05," 151,100 ",9.47, 927 ,30.2,"37,110","44,507",82.9,81.4,81.3,,
1991.06," 144,800 ",9.46, 907 ,29.5,"37,151","43,535",84.8,82.9,81.4,,
1991.07," 152,400 ",9.45, 938 ,30.5,"37,226","45,040",82.1,84.8,81.4,,
1991.08," 142,300 ",9.01, 869 ,28.2,"37,338","41,718",88.7,82.1,90.2,,
1991.09," 148,200 ",8.81, 849 ,27.5,"37,449","40,762",90.9,88.7,86.2,,
1991.10," 146,400 ",8.62, 841 ,27.2,"37,561","40,362",91.9,90.9,86.9,,
1991.11," 136,700 ",8.36, 784 ,25.3,"37,673","37,628",98.7,91.9,88.4,,
1991.12," 144,300 ",8.16, 798 ,25.8,"37,786","38,303",97.0,98.7,89.1,,
1992.01," 148,900 ",8.36, 829 ,26.7,"37,898","39,784",93.8,97.0,84.4,,
1992.02," 145,400 ",8.65, 841 ,26.9,"38,012","40,353",92.8,93.8,87.5,,
1992.03," 144,000 ",8.59, 829 ,26.5,"38,125","39,805",94.5,92.8,85.7,,
1992.04," 142,900 ",8.58, 820 ,26.1,"38,239","39,352",95.9,94.5,81.4,,
1992.05," 144,800 ",8.38, 805 ,25.5,"38,353","38,661",98.0,95.9,82.9,,
1992.06," 143,900 ",8.13, 799 ,25.2,"38,468","38,367",99.2,98.0,84.8,,
1992.07," 142,300 ",7.83, 756 ,23.8,"38,540","36,289",105.3,99.2,82.1,,
1992.08," 132,300 ",7.64, 712 ,22.3,"38,569","34,160",112.2,105.3,88.7,,
1992.09," 143,800 ",7.49, 728 ,22.7,"38,599","34,924",110.2,112.2,90.9,,
1992.10," 143,600 ",7.73, 759 ,23.6,"38,628","36,408",106.1,110.2,91.9,,
1992.11," 133,800 ",7.98, 741 ,22.9,"38,658","35,548",109.1,106.1,98.7,,
1992.12," 140,400 ",7.78, 749 ,23.1,"38,688","35,950",108.3,109.1,97.0,,
1993.01," 141,200 ",7.51, 725 ,22.3,"38,717","34,778",111.9,108.3,93.8,,
1993.02," 138,600 ",7.23, 699 ,21.6,"38,747","33,568",115.9,111.9,92.8,,
1993.03," 141,700 ",7.16, 711 ,21.9,"38,777","34,139",113.9,115.9,94.5,,
1993.04," 142,500 ",7.04, 705 ,21.7,"38,807","33,833",114.9,113.9,95.9,,
1993.05," 142,600 ",7.08, 700 ,21.6,"38,836","33,584",115.8,114.9,98.0,,
1993.06," 142,300 ",6.97, 706 ,21.8,"38,866","33,875",114.7,115.8,99.2,,
1993.07," 145,300 ",6.84, 700 ,21.6,"38,939","33,582",115.7,114.7,105.3,,
1993.08," 139,800 ",6.82, 693 ,21.4,"39,055","33,288",116.7,115.7,112.2,,
1993.09," 148,500 ",6.59, 686 ,21.2,"39,172","32,951",117.9,116.7,110.2,,
1993.10," 145,200 ",6.53, 680 ,21.0,"39,289","32,625",119.0,117.9,106.1,,
1993.11," 140,400 ",6.83, 694 ,21.4,"39,406","33,297",116.6,119.0,109.1,,
1993.12," 144,300 ",6.72, 693 ,21.4,"39,524","33,247",116.7,116.6,108.3,,
1994.01," 148,700 ",6.63, 698 ,21.5,"39,642","33,517",116.4,116.7,111.9,,
1994.02," 146,500 ",6.80, 708 ,21.7,"39,761","33,973",115.1,116.4,115.9,,
1994.03," 147,900 ",7.22, 747 ,22.9,"39,880","35,875",109.4,115.1,113.9,,
1994.04," 150,100 ",7.59, 784 ,23.9,"39,999","37,622",104.6,109.4,114.9,,
1994.05," 153,200 ",7.82, 808 ,24.6,"40,118","38,804",101.7,104.6,115.8,,
1994.06," 151,500 ",7.52, 794 ,24.1,"40,238","38,111",103.9,101.7,114.7,,
1994.07," 154,200 ",7.72, 810 ,24.5,"40,366","38,897",102.1,103.9,115.7,,
1994.08," 148,600 ",7.65, 801 ,24.1,"40,503","38,446",103.6,102.1,116.7,,
1994.09," 155,200 ",7.65, 798 ,24.0,"40,640","38,282",104.3,103.6,117.9,,
1994.10," 150,600 ",7.86, 804 ,24.1,"40,778","38,608",103.8,104.3,119.0,,
1994.11," 147,800 ",7.94, 815 ,24.3,"40,916","39,097",102.8,103.8,116.6,,
1994.12," 150,500 ",8.27, 841 ,25.0,"41,055","40,372",99.8,102.8,116.7,,
1995.01," 150,000 ",8.23, 825 ,24.5,"41,194","39,593",102.1,99.8,116.4,,
1995.02," 147,500 ",8.11, 811 ,24.0,"41,333","38,921",104.3,102.1,115.1,,
1995.03," 148,900 ",7.99, 811 ,23.9,"41,473","38,931",104.6,104.3,109.4,,
1995.04," 149,200 ",7.89, 802 ,23.5,"41,614","38,478",106.2,104.6,104.6,,
1995.05," 151,100 ",7.63, 782 ,22.9,"41,755","37,553",109.2,106.2,101.7,,
1995.06," 153,200 ",7.51, 802 ,23.4,"41,896","38,487",106.9,109.2,103.9,,
1995.07," 154,800 ",7.60, 804 ,23.4,"41,992","38,582",107.0,106.9,102.1,,
1995.08," 153,400 ",7.78, 837 ,24.3,"42,042","40,171",103.1,107.0,103.6,,
1995.09," 157,800 ",7.55, 803 ,23.2,"42,092","38,556",107.8,103.1,104.3,,
1995.10," 152,700 ",7.47, 785 ,22.6,"42,142","37,694",110.6,107.8,103.8,,
1995.11," 150,900 ",7.47, 795 ,22.8,"42,192","38,175",109.6,110.6,102.8,,
1995.12," 152,900 ",7.12, 764 ,21.9,"42,242","36,692",114.4,109.6,99.8,,
1996.01," 158,600 ",7.13, 784 ,22.4,"42,292","37,609",111.7,114.4,102.1,,
1996.02," 151,900 ",7.18, 763 ,21.8,"42,342","36,627",114.9,111.7,104.3,,
1996.03," 156,000 ",7.61, 820 ,23.4,"42,393","39,353",107.0,114.9,104.6,,
1996.04," 156,700 ",7.79, 834 ,23.7,"42,443","40,016",105.4,107.0,106.2,,
1996.05," 160,300 ",7.72, 837 ,23.8,"42,493","40,186",105.1,105.4,109.2,,
1996.06," 162,200 ",7.97, 888 ,25.2,"42,544","42,622",99.2,105.1,106.9,,
1996.07," 163,300 ",7.78, 863 ,24.5,"42,691","41,412",102.2,99.2,107.0,,
1996.08," 158,200 ",7.69, 855 ,24.2,"42,936","41,054",103.2,102.2,103.1,,
1996.09," 164,100 ",7.82, 857 ,24.3,"43,182","41,157",103.1,103.2,107.8,,
1996.10," 156,500 ",7.56, 812 ,22.9,"43,429","38,972",109.0,103.1,110.6,,
1996.11," 154,800 ",7.40, 810 ,22.9,"43,678","38,897",109.3,109.0,109.6,,
1996.12," 159,300 ",7.43, 822 ,23.2,"43,928","39,439",107.9,109.3,114.4,,
1997.01," 164,600 ",7.58, 850 ,23.8,"44,180","40,802",104.9,107.9,111.7,,
1997.02," 157,400 ",7.46, 813 ,22.7,"44,433","39,032",110.4,104.9,114.9,,
1997.03," 160,400 ",7.73, 852 ,23.6,"44,688","40,920",105.9,110.4,107.0,,
1997.04," 164,500 ",7.89, 883 ,24.3,"44,944","42,393",102.8,105.9,105.4,,
1997.05," 168,600 ",7.75, 883 ,24.2,"45,201","42,407",103.4,102.8,105.1,,
1997.06," 169,300 ",7.54, 889 ,24.2,"45,460","42,679",103.3,103.4,99.2,,
1997.07," 171,300 ",7.41, 873 ,23.6,"45,641","41,918",105.8,103.3,102.2,,
1997.08," 167,100 ",7.40, 878 ,23.6,"45,742","42,132",105.8,105.8,103.2,,
1997.09," 173,500 ",7.36, 866 ,23.2,"45,843","41,589",107.8,105.8,103.1,,
1997.10," 170,400 ",7.30, 862 ,22.9,"45,945","41,377",109.0,107.8,109.0,,
1997.11," 166,400 ",7.24, 857 ,22.7,"46,047","41,156",110.2,109.0,109.3,,
1997.12," 171,400 ",7.20, 864 ,22.7,"46,149","41,467",109.9,110.2,107.9,,
1998.01," 172,000 ",7.10, 925 ,24.0,"46,252","44,400",104.2,109.9,104.9,,
1998.02," 170,000 ",7.09, 913 ,23.6,"46,354","43,824",105.8,104.2,110.4,,
1998.03," 171,900 ",7.13, 927 ,23.9,"46,457","44,496",104.4,105.8,105.9,,
1998.04," 178,000 ",7.12, 959 ,24.7,"46,560","46,032",101.1,104.4,102.8,,
1998.05," 181,100 ",7.11, 975 ,25.1,"46,664","46,800",99.7,101.1,103.4,,
1998.06," 176,900 ",7.02, 943 ,24.2,"46,767","45,264",103.3,99.7,103.3,,
1998.07," 184,200 ",7.00, 980 ,25.1,"46,896","47,040",99.7,103.3,105.8,,
1998.08," 173,500 ",6.96, 920 ,23.5,"47,051","44,160",106.5,99.7,105.8,,
1998.09," 185,100 ",6.75, 960 ,24.4,"47,207","46,080",102.4,106.5,107.8,,
1998.10," 178,600 ",6.78, 930 ,23.6,"47,363","44,640",106.1,102.4,109.0,,
1998.11," 179,700 ",6.91, 948 ,23.9,"47,520","45,504",104.4,106.1,110.2,,
1998.12," 178,800 ",6.83, 935 ,23.5,"47,677","44,880",106.2,104.4,109.9,,
1999.01," 187,600 ",6.83, 981 ,24.6,"47,835","47,088",101.6,106.2,104.2,,
1999.02," 181,700 ",6.89, 956 ,23.9,"47,993","45,888",104.6,101.6,105.8,,
1999.03," 186,300 ",7.06, 998 ,24.9,"48,151","47,904",100.5,104.6,104.4,,
1999.04," 185,100 ",6.95, 980 ,24.3,"48,311","47,040",102.7,100.5,101.1,,
1999.05," 189,600 ",7.13," 1,022 ",25.3,"48,470","49,056",98.8,102.7,99.7,,
1999.06," 187,900 ",7.49," 1,050 ",25.9,"48,631","50,400",96.5,98.8,103.3,,
1999.07," 187,300 ",7.43," 1,041 ",25.6,"48,812","49,968",97.7,96.5,99.7,,
1999.08," 193,300 ",7.72," 1,105 ",27.1,"49,013","53,040",92.4,97.7,106.5,,
1999.09," 198,400 ",7.65," 1,126 ",27.5,"49,216","54,048",91.1,92.4,102.4,,
1999.10," 187,300 ",7.72," 1,070 ",26.0,"49,420","51,360",96.2,91.1,106.1,,
1999.11," 185,500 ",7.62," 1,050 ",25.4,"49,624","50,400",98.5,96.2,104.4,,
1999.12," 186,100 ",7.75," 1,067 ",25.7,"49,829","51,216",97.3,98.5,106.2,,
2000.01," 188,000 ",8.00," 1,104 ",26.5,"50,035","52,992",94.4,97.3,101.6,,
2000.02," 186,800 ",8.10," 1,107 ",26.4,"50,242","53,136",94.6,94.4,104.6,,
2000.03," 196,500 ",7.97," 1,150 ",27.4,"50,449","55,200",91.4,94.6,100.5,,
2000.04," 197,500 ",8.08," 1,168 ",27.7,"50,658","56,064",90.4,91.4,102.7,,
2000.05," 201,000 ",8.42," 1,227 ",28.9,"50,867","58,896",86.4,90.4,98.8,,
2000.06," 198,200 ",8.19," 1,185 ",27.8,"51,078","56,880",89.8,86.4,96.5,,
2000.07," 199,100 ",8.07," 1,177 ",27.6,"51,215","56,496",90.7,89.8,97.7,,
2000.08," 199,500 ",8.01," 1,172 ",27.4,"51,280","56,256",91.2,90.7,92.4,,
2000.09," 204,700 ",7.99," 1,200 ",28.0,"51,345","57,600",89.1,91.2,91.1,,
2000.10," 200,800 ",7.72," 1,148 ",26.8,"51,410","55,104",93.3,89.1,96.2,,
2000.11," 200,000 ",7.85," 1,157 ",27.0,"51,475","55,536",92.7,93.3,98.5,,
2000.12," 198,900 ",7.44," 1,106 ",25.8,"51,540","53,088",97.1,92.7,97.3,,
2001.01," 192,300 ",7.14," 1,038 ",24.1,"51,606","49,824",103.6,97.1,94.4,,
2001.02," 197,100 ",7.16," 1,066 ",24.8,"51,671","51,168",101.0,103.6,94.6,,
2001.03," 208,100 ",7.03," 1,111 ",25.8,"51,736","53,328",97.0,101.0,91.4,,
2001.04," 205,200 ",7.14," 1,108 ",25.7,"51,802","53,184",97.4,97.0,90.4,,
2001.05," 212,500 ",7.19," 1,153 ",26.7,"51,867","55,344",93.7,97.4,86.4,,
2001.06," 213,100 ",7.14," 1,150 ",26.6,"51,933","55,200",94.1,93.7,89.8,,
2001.07," 207,700 ",7.14," 1,121 ",25.9,"51,999","53,808",96.6,94.1,90.7,,
2001.08," 212,700 ",6.93," 1,124 ",25.9,"52,065","53,952",96.5,96.6,91.2,,
2001.09," 221,700 ",6.74," 1,149 ",26.4,"52,131","55,152",94.5,96.5,89.1,,
2001.10," 213,800 ",6.52," 1,083 ",24.9,"52,197","51,984",100.4,94.5,93.3,,
2001.11," 204,000 ",6.66," 1,049 ",24.1,"52,263","50,352",103.8,100.4,92.7,,
2001.12," 208,200 ",7.03," 1,111 ",25.5,"52,329","53,328",98.1,103.8,97.1,,
2002.01," 223,600 ",6.85," 1,172 ",26.8,"52,415","56,256",93.2,98.1,103.6,,
2002.02," 228,600 ",6.65," 1,174 ",26.9,"52,433","56,352",93.0,93.2,101.0,,
2002.03," 230,200 ",6.87," 1,209 ",27.7,"52,462","58,032",90.4,93.0,97.0,,
2002.04," 227,400 ",6.77," 1,182 ",27.0,"52,538","56,736",92.6,90.4,97.4,,
2002.05," 234,000 ",6.57," 1,192 ",27.2,"52,567","57,216",91.9,92.6,93.7,,
2002.06," 235,700 ",5.97," 1,127 ",25.7,"52,610","54,096",97.3,91.9,94.1,,
2002.07," 238,800 ",6.15," 1,164 ",26.6,"52,584","55,872",94.1,97.3,96.6,,
2002.08," 228,200 ",6.22," 1,120 ",25.6,"52,590","53,760",97.8,94.1,96.5,,
2002.09," 233,400 ",6.19," 1,142 ",26.0,"52,609","54,816",96.0,97.8,94.5,,
2002.10," 233,000 ",6.06," 1,125 ",25.6,"52,641","54,000",97.5,96.0,100.4,,
2002.11," 228,700 ",6.02," 1,099 ",25.0,"52,673","52,752",99.9,97.5,103.8,,
2002.12," 238,000 ",5.99," 1,140 ",25.9,"52,725","54,720",96.4,99.9,98.1,,
2003.01," 237,000 ",5.89," 1,123 ",25.2,"53,440","53,904",99.1,96.4,93.2,,
2003.02," 233,600 ",5.85," 1,102 ",24.6,"53,715","52,896",101.5,99.1,93.0,,
2003.03," 236,400 ",5.69," 1,096 ",24.3,"54,177","52,608",103.0,101.5,90.4,,
2003.04," 249,500 ",5.62," 1,148 ",25.3,"54,429","55,104",98.8,103.0,92.6,,
2003.05," 251,600 ",5.57," 1,152 ",25.1,"54,988","55,296",99.4,98.8,91.9,,
2003.06," 259,000 ",5.31," 1,152 ",25.0,"55,331","55,296",100.1,99.4,97.3,,
2003.07," 255,800 ",5.30," 1,136 ",24.6,"55,425","54,528",101.6,100.1,94.1,,
2003.08," 253,500 ",5.50," 1,151 ",24.8,"55,758","55,248",100.9,101.6,97.8,,
2003.09," 256,000 ",5.79," 1,200 ",25.6,"56,198","57,600",97.6,100.9,96.0,,
2003.10," 257,700 ",5.70," 1,197 ",25.3,"56,718","57,456",98.7,97.6,97.5,,
2003.11," 256,400 ",5.77," 1,200 ",25.1,"57,336","57,600",99.5,98.7,99.9,,
2003.12," 270,400 ",5.70," 1,256 ",26.2,"57,631","60,288",95.6,99.5,96.4,,
2004.01," 261,600 ",5.59," 1,200 ",26.0,"55,375","57,600",96.1,95.6,99.1,,
2004.02," 259,800 ",5.60," 1,193 ",25.9,"55,369","57,264",96.7,96.1,101.5,,
2004.03," 264,100 ",5.30," 1,173 ",25.4,"55,359","56,304",98.3,96.7,103.0,,
2004.04," 274,700 ",5.26," 1,215 ",26.3,"55,347","58,320",94.9,98.3,98.8,,
2004.05," 282,000 ",5.68," 1,307 ",28.3,"55,331","62,736",88.2,94.9,99.4,,
2004.06," 292,400 ",5.93," 1,392 ",30.2,"55,323","66,816",82.8,88.2,100.1,,
2004.07," 301,100 ",5.85," 1,421 ",30.8,"55,314","68,208",81.1,82.8,101.6,,
2004.08," 284,700 ",5.73," 1,326 ",28.8,"55,300","63,648",86.9,81.1,100.9,,
2004.09," 294,200 ",5.56," 1,345 ",29.2,"55,295","64,560",85.6,86.9,97.6,,
2004.10," 297,900 ",5.54," 1,359 ",29.5,"55,283","65,232",84.7,85.6,98.7,,
2004.11," 294,300 ",5.59," 1,350 ",29.3,"55,279","64,800",85.3,84.7,99.5,,
2004.12," 302,600 ",5.68," 1,402 ",30.5,"55,250","67,296",82.1,85.3,95.6,,
2005.01," 305,500 ",5.72," 1,422 ",30.0,"56,852","68,256",83.3,82.1,96.1,,
2005.02," 298,800 ",5.60," 1,372 ",28.9,"57,023","65,856",86.6,83.3,96.7,,
2005.03," 317,400 ",5.71," 1,475 ",31.0,"57,172","70,800",80.8,86.6,98.3,,
2005.04," 335,100 ",5.89," 1,588 ",33.1,"57,507","76,224",75.4,80.8,94.9,,
2005.05," 333,600 ",5.77," 1,561 ",32.4,"57,791","74,928",77.1,75.4,88.2,,
2005.06," 347,100 ",5.64," 1,601 ",33.1,"58,123","76,848",75.6,77.1,82.8,,
2005.07," 354,100 ",5.66," 1,637 ",33.6,"58,525","78,576",74.5,75.6,81.1,,
2005.08," 350,500 ",5.84," 1,652 ",33.7,"58,828","79,296",74.2,74.5,86.9,,
2005.09," 352,100 ",5.85," 1,662 ",33.7,"59,124","79,776",74.1,74.2,85.6,,
2005.10," 348,500 ",5.93," 1,659 ",33.5,"59,417","79,632",74.6,74.1,84.7,,
2005.11," 361,400 ",6.19," 1,769 ",35.6,"59,690","84,912",70.3,74.6,85.3,,
2005.12," 351,000 ",6.23," 1,725 ",34.5,"59,987","82,800",72.4,70.3,82.1,,
2006.01," 344,900 ",6.25," 1,699 ",33.8,"60,293","81,552",73.9,72.4,83.3,,
2006.02," 334,800 ",6.27," 1,653 ",32.7,"60,581","79,344",76.4,73.9,86.6,,
2006.03," 347,400 ",6.44," 1,746 ",34.5,"60,807","83,808",72.6,76.4,80.8,,
2006.04," 353,400 ",6.53," 1,793 ",35.2,"61,114","86,064",71.0,72.6,75.4,,
2006.05," 351,000 ",6.65," 1,803 ",35.3,"61,237","86,544",70.8,71.0,77.1,,
2006.06," 348,200 ",6.67," 1,792 ",35.0,"61,518","86,016",71.5,70.8,75.6,,
2006.07," 353,300 ",6.83," 1,848 ",36.0,"61,629","88,704",69.5,71.5,74.5,,
2006.08," 352,400 ",6.83," 1,844 ",35.8,"61,841","88,512",69.9,69.5,74.2,,
2006.09," 348,100 ",6.69," 1,795 ",34.7,"62,039","86,160",72.0,69.9,74.1,,
2006.10," 351,800 ",6.60," 1,797 ",34.6,"62,241","86,256",72.2,72.0,74.6,,
2006.11," 357,100 ",6.52," 1,809 ",34.8,"62,461","86,832",71.9,72.2,70.3,,
2006.12," 356,100 ",6.45," 1,791 ",34.2,"62,878","85,968",73.1,71.9,72.4,,
2007.01," 329,600 ",6.38," 1,646 ",31.2,"63,311","79,008",80.1,73.1,73.9,,
2007.02," 341,700 ",6.40," 1,710 ",32.2,"63,656","82,080",77.6,80.1,76.4,,
2007.03," 341,900 ",6.36," 1,704 ",31.9,"64,007","81,792",78.3,77.6,72.6,,
2007.04," 350,800 ",6.32," 1,741 ",32.6,"64,137","83,568",76.7,78.3,71.0,,
2007.05," 349,600 ",6.38," 1,746 ",32.6,"64,266","83,808",76.7,76.7,70.8,,
2007.06," 355,200 ",6.60," 1,815 ",33.9,"64,337","87,120",73.8,76.7,71.5,,
2007.07," 358,700 ",6.77," 1,865 ",34.7,"64,567","89,520",72.1,73.8,69.5,,
2007.08," 339,100 ",6.81," 1,770 ",32.8,"64,685","84,960",76.1,72.1,69.9,,
2007.09," 318,500 ",6.71," 1,646 ",30.3,"65,122","79,008",82.4,76.1,72.0,,
2007.10," 322,900 ",6.58," 1,646 ",30.2,"65,313","79,008",82.7,82.4,72.2,,
2007.11," 333,000 ",6.39," 1,665 ",30.4,"65,629","79,920",82.1,82.7,71.9,,
2007.12," 318,000 ",6.30," 1,575 ",28.6,"66,078","75,600",87.4,82.1,73.1,,
2008.01," 301,400 ",6.03," 1,450 ",26.2,"66,299","69,600",95.3,87.4,80.1,,
2008.02," 296,600 ",5.90," 1,407 ",25.4,"66,477","67,536",98.4,95.3,77.6,,
2008.03," 290,600 ",6.11," 1,410 ",25.3,"66,749","67,680",98.6,98.4,78.3,,
2008.04," 290,600 ",6.04," 1,400 ",25.2,"66,687","67,200",99.2,98.6,76.7,,
2008.05," 290,200 ",6.15," 1,414 ",25.3,"67,109","67,872",98.9,99.2,76.7,,
2008.06," 288,400 ",6.32," 1,431 ",25.5,"67,415","68,688",98.1,98.9,73.8,,
2008.07," 286,900 ",6.54," 1,457 ",26.0,"67,147","69,936",96.0,98.1,72.1,,
2008.08," 254,900 ",6.60," 1,302 ",23.2,"67,309","62,496",107.7,96.0,76.1,,
2008.09," 262,300 ",6.25," 1,292 ",23.0,"67,340","62,016",108.6,107.7,82.4,,
2008.10," 265,600 ",6.24," 1,307 ",23.3,"67,173","62,736",107.1,108.6,82.7,,
2008.11," 246,700 ",6.26," 1,216 ",21.8,"66,882","58,368",114.6,107.1,82.1,,
2008.12," 235,600 ",5.60," 1,082 ",19.6,"66,298","51,936",127.7,114.6,87.4,,
2009.01," 219,500 ",5.17, 961 ,17.9,"64,359","46,128",139.5,127.7,95.3,,
2009.02," 235,500 ",5.16," 1,030 ",19.5,"63,345","49,440",128.1,139.5,98.4,,
2009.03," 232,600 ",5.16," 1,017 ",19.4,"63,058","48,816",129.2,128.1,98.6,,
2009.04," 207,700 ",4.96, 888 ,16.7,"63,786","42,624",149.6,129.2,99.2,,
2009.05," 210,800 ",4.99, 904 ,16.8,"64,597","43,392",148.9,149.6,98.9,,
2009.06," 224,100 ",5.20, 984 ,18.3,"64,691","47,232",137.0,148.9,98.1,,
2009.07," 222,800 ",5.38, 999 ,18.7,"64,222","47,952",133.9,137.0,96.0,,
2009.08," 225,000 ",5.38," 1,009 ",18.8,"64,516","48,432",133.2,133.9,107.7,,
2009.09," 228,900 ",5.25," 1,011 ",18.8,"64,469","48,528",132.8,133.2,108.6,,
2009.10," 225,600 ",5.13, 983 ,18.3,"64,573","47,184",136.9,132.8,107.1,,
2009.11," 214,800 ",5.12, 935 ,17.2,"65,249","44,880",145.4,136.9,114.6,,
2009.12," 221,900 ",5.05, 958 ,17.4,"65,979","45,984",143.5,145.4,127.7,,
2010.01," 209,900 ",5.09, 911 ,17.3,"63,202","43,728",144.5,143.5,139.5,,
2010.02," 206,000 ",5.13, 898 ,17.1,"63,171","43,104",146.6,144.5,128.1,,
2010.03," 222,000 ",5.09, 963 ,18.3,"63,106","46,224",136.5,146.6,129.2,,
2010.04," 223,400 ",5.16, 977 ,18.6,"63,011","46,896",134.4,136.5,149.6,,
2010.05," 225,400 ",5.10, 979 ,18.7,"62,931","46,992",133.9,134.4,148.9,,
2010.06," 226,200 ",5.05, 977 ,18.6,"62,912","46,896",134.2,133.9,137.0,,
2010.07," 231,000 ",4.94, 985 ,18.8,"62,871","47,280",133.0,134.2,133.9,,
2010.08," 224,200 ",4.83, 944 ,18.0,"62,801","45,312",138.6,133.0,133.2,,
2010.09," 223,100 ",4.70, 926 ,17.7,"62,795","44,448",141.3,138.6,132.8,,
2010.10," 216,300 ",4.65, 892 ,17.1,"62,720","42,816",146.5,141.3,136.9,,
2010.11," 216,900 ",4.51, 880 ,16.8,"62,702","42,240",148.4,146.5,145.4,,
2010.12," 209,900 ",4.72, 873 ,16.7,"62,632","41,904",149.5,148.4,143.5,,
2011.01," 196,700 ",4.89, 834 ,15.9,"62,996","40,032",157.4,149.5,144.5,,
2011.02," 195,900 ",4.99, 840 ,16.0,"63,073","40,320",156.4,157.4,146.6,,
2011.03," 201,000 ",5.06, 869 ,16.5,"63,098","41,712",151.3,156.4,136.5,,
2011.04," 196,900 ",5.01, 847 ,16.1,"63,163","40,656",155.4,151.3,134.4,,
2011.05," 211,300 ",4.96, 903 ,17.2,"63,169","43,344",145.7,155.4,133.9,,
2011.06," 210,600 ",4.82, 886 ,16.8,"63,209","42,528",148.6,145.7,134.2,,
2011.07," 195,500 ",4.70, 811 ,15.4,"63,281","38,928",162.6,148.6,133.0,,
2011.08," 211,300 ",4.66, 873 ,16.6,"63,272","41,904",151.0,162.6,138.6,,
2011.09," 211,100 ",4.51, 857 ,16.2,"63,288","41,136",153.9,151.0,141.3,,
2011.10," 201,700 ",4.35, 803 ,15.2,"63,355","38,544",164.4,153.9,146.5,,
2011.11," 202,800 ",4.36, 809 ,15.3,"63,308","38,832",163.0,164.4,148.4,,
2011.12," 207,800 ",4.38, 831 ,15.7,"63,364","39,888",158.9,163.0,149.5,,
2012.01," 192,300 ",4.41, 771 ,14.5,"63,844","37,008",172.5,158.9,157.4,,
2012.02," 197,500 ",4.23, 775 ,14.5,"64,034","37,200",172.1,172.5,156.4,,
2012.03," 207,800 ",4.03, 797 ,14.9,"64,156","38,256",167.7,172.1,151.3,,
2012.04," 228,400 ",4.14, 887 ,16.6,"64,270","42,576",151.0,167.7,155.4,,
2012.05," 234,500 ",3.99, 895 ,16.7,"64,263","42,960",149.6,151.0,145.7,,
2012.06," 241,100 ",3.86, 905 ,16.9,"64,282","43,440",148.0,149.6,148.6,,
2012.07," 245,500 ",3.85, 921 ,17.2,"64,374","44,208",145.6,148.0,162.6,,
2012.08," 246,600 ",3.77, 916 ,17.1,"64,381","43,968",146.4,145.6,151.0,,
2012.09," 249,000 ",3.74, 921 ,17.1,"64,575","44,208",146.1,146.4,153.9,,
2012.10," 246,500 ",3.62, 899 ,16.6,"64,809","43,152",150.2,146.1,164.4,,
2012.11," 247,100 ",3.55, 893 ,16.5,"65,123","42,864",151.9,150.2,163.0,,
2012.12," 249,700 ",3.49, 896 ,16.4,"65,714","43,008",152.8,151.9,158.9,,
2013.01," 243,200 ",3.54, 878 ,16.1,"65,400","42,144",155.2,152.8,172.5,,
2013.02," 240,000 ",3.64, 877 ,16.1,"65,454","42,096",155.5,155.2,172.1,,
2013.03," 259,000 ",3.71, 955 ,17.5,"65,559","45,840",143.0,155.5,167.7,,
2013.04," 268,600 ",3.73, 993 ,18.1,"65,810","47,664",138.1,143.0,151.0,,
2013.05," 278,100 ",3.63," 1,015 ",18.4,"66,185","48,720",135.8,138.1,149.6,,
2013.06," 284,700 ",3.73," 1,052 ",19.0,"66,395","50,496",131.5,135.8,148.0,,
2013.07," 289,300 ",4.22," 1,134 ",20.5,"66,380","54,432",122.0,131.5,145.6,,
2013.08," 289,000 ",4.43," 1,162 ",20.9,"66,564","55,776",119.3,122.0,146.4,,
2013.09," 286,100 ",4.54," 1,165 ",20.9,"66,796","55,920",119.4,119.3,146.1,,
2013.10," 285,900 ",4.46," 1,153 ",20.7,"66,783","55,344",120.7,119.4,150.2,,
2013.11," 285,100 ",4.36," 1,137 ",20.3,"67,071","54,576",122.9,120.7,151.9,,
2013.12," 286,200 ",4.42," 1,149 ",20.6,"66,983","55,152",121.5,122.9,152.8,,
2014.01," 275,000 ",4.55," 1,121 ",19.9,"67,690","53,808",125.8,121.5,155.2,,
2014.02," 279,800 ",4.44," 1,126 ",19.9,"67,934","54,048",125.7,125.8,155.5,,
2014.03," 283,500 ",4.35," 1,129 ",19.9,"68,187","54,192",125.8,125.7,143.0,,
2014.04," 290,500 ",4.38," 1,161 ",20.4,"68,359","55,728",122.7,125.8,138.1,,
2014.05," 297,200 ",4.31," 1,178 ",20.6,"68,536","56,544",121.2,122.7,135.8,,
2014.06," 302,800 ",4.25," 1,192 ",20.8,"68,742","57,216",120.1,121.2,131.5,,
2014.07," 306,000 ",4.26," 1,206 ",21.0,"68,906","57,888",119.0,120.1,122.0,,
2014.08," 303,200 ",4.24," 1,192 ",20.7,"69,093","57,216",120.8,119.0,119.3,,
2014.09," 297,700 ",4.21," 1,166 ",20.2,"69,232","55,968",123.7,120.8,119.4,,
2014.10," 298,600 ",4.26," 1,177 ",20.4,"69,390","56,496",122.8,123.7,120.7,,
2014.11," 297,700 ",4.16," 1,159 ",20.0,"69,551","55,632",125.0,122.8,122.9,,
2014.12," 299,300 ",4.16," 1,165 ",20.1,"69,719","55,920",124.7,125.0,121.5,,
2015.01," 290,500 ",4.02," 1,112 ",19.0,"70,329","53,376",131.8,124.7,125.8,,
2015.02," 290,100 ",3.90," 1,095 ",18.6,"70,565","52,560",134.3,131.8,125.7,,
2015.03," 304,000 ",3.94," 1,153 ",19.6,"70,571","55,344",127.5,134.3,125.8,,
2015.04," 316,900 ",3.93," 1,200 ",20.3,"70,896","57,600",123.1,127.5,122.7,,
2015.05," 325,800 ",3.89," 1,228 ",20.7,"71,224","58,944",120.8,123.1,121.2,,
2015.06," 331,300 ",4.03," 1,270 ",21.3,"71,440","60,960",117.2,120.8,120.1,,
2015.07," 329,300 ",4.21," 1,290 ",21.6,"71,645","61,920",115.7,117.2,119.0,,
2015.08," 322,000 ",4.16," 1,254 ",21.0,"71,746","60,192",119.2,115.7,120.8,,
2015.09," 322,200 ",4.09," 1,244 ",20.8,"71,796","59,712",120.2,119.2,123.7,,
2015.10," 324,200 ",4.02," 1,241 ",20.7,"71,865","59,568",120.6,120.2,122.8,,
2015.11," 321,700 ",3.92," 1,217 ",20.3,"71,825","58,416",123.0,120.6,125.0,,
2015.12," 324,900 ",4.11," 1,257 ",21.0,"71,957","60,336",119.3,123.0,124.7,,
2016.01," 313,400 ",4.09," 1,210 ",19.8,"73,387","58,080",126.4,119.3,131.8,,
2016.02," 312,300 ",4.00," 1,193 ",19.5,"73,363","57,264",128.1,126.4,134.3,,
2016.03," 322,500 ",3.83," 1,207 ",19.7,"73,665","57,936",127.1,128.1,127.5,,
2016.04," 337,800 ",3.84," 1,265 ",20.5,"73,941","60,720",121.8,127.1,123.1,,
2016.05," 347,700 ",3.81," 1,298 ",21.0,"74,083","62,304",118.9,121.8,120.8,,
2016.06," 355,600 ",3.82," 1,329 ",21.4,"74,392","63,792",116.6,118.9,117.2,,
2016.07," 349,600 ",3.75," 1,295 ",20.8,"74,638","62,160",120.1,116.6,115.7,,
2016.08," 350,400 ",3.72," 1,293 ",20.7,"74,936","62,064",120.7,120.1,119.2,,
2016.09," 347,400 ",3.74," 1,286 ",20.5,"75,404","61,728",122.2,120.7,120.2,,
2016.10," 351,400 ",3.72," 1,297 ",20.5,"75,866","62,256",121.9,122.2,120.6,,
2016.11," 349,700 ",3.78," 1,300 ",20.5,"76,161","62,400",122.1,121.9,123.0,,
2016.12," 346,100 ",4.18," 1,351 ",21.2,"76,611","64,848",118.1,122.1,119.3,,
2017.01," 336,600 ",4.39," 1,347 ",20.9,"77,170","64,656",119.4,118.1,126.4,,
2017.02," 341,500 ",4.40," 1,368 ",21.2,"77,472","65,664",118.0,119.4,128.1,,
2017.03," 351,300 ",4.22," 1,378 ",21.3,"77,714","66,144",117.5,118.0,127.1,,
2017.04," 361,600 ",4.06," 1,391 ",21.4,"77,831","66,768",116.6,117.5,121.8,,
2017.05," 373,500 ",4.00," 1,427 ",21.9,"78,104","68,496",114.0,116.6,118.9,,
2017.06," 382,500 ",4.14," 1,486 ",22.8,"78,154","71,328",109.6,114.0,116.6,,
2017.07," 377,600 ",4.10," 1,460 ",22.3,"78,405","70,080",111.9,109.6,120.1,,
2017.08," 378,100 ",4.17," 1,474 ",22.5,"78,700","70,752",111.2,111.9,120.7,,
2017.09," 376,600 ",4.11," 1,458 ",22.1,"79,139","69,984",113.1,111.2,122.2,,
2017.10," 377,500 ",4.07," 1,454 ",21.9,"79,545","69,792",114.0,113.1,121.9,,
2017.11," 376,900 ",4.15," 1,466 ",22.0,"79,927","70,368",113.6,114.0,122.1,,
2017.12," 375,100 ",4.22," 1,471 ",22.0,"80,353","70,608",113.8,113.6,118.1,,
2018.01," 365,100 ",4.28," 1,442 ",21.5,"80,567","69,216",116.4,113.8,119.4,,
2018.02," 369,600 ",4.43," 1,486 ",22.1,"80,755","71,328",113.2,116.4,118.0,,
2018.03," 379,500 ",4.64," 1,564 ",23.2,"80,969","75,072",107.9,113.2,117.5,,
2018.04," 392,400 ",4.62," 1,613 ",23.9,"81,096","77,424",104.7,107.9,116.6,,
2018.05," 396,900 ",4.67," 1,641 ",24.2,"81,279","78,768",103.2,104.7,114.0,,
2018.06," 405,700 ",4.69," 1,681 ",24.8,"81,494","80,688",101.0,103.2,109.6,,
2018.07," 397,700 ",4.69," 1,648 ",24.2,"81,717","79,104",103.3,101.0,111.9,,
2018.08," 397,800 ",4.70," 1,651 ",24.2,"81,923","79,248",103.4,103.3,111.2,,
2018.09," 388,900 ",4.70," 1,614 ",23.6,"81,931","77,472",105.8,103.4,113.1,,
2018.10," 385,000 ",4.84," 1,623 ",23.7,"82,081","77,904",105.4,105.8,114.0,,
2018.11," 387,200 ",4.91," 1,646 ",24.0,"82,163","79,008",104.0,105.4,113.6,,
2018.12," 383,900 ",4.87," 1,624 ",23.6,"82,646","77,952",106.0,104.0,113.8,,
2019.01," 378,000 ", 4.64 ," 1,557 ",22.5,"83,139","74,736",111.2,106.0,116.4,,
2019.02," 382,400 ", 4.47 ," 1,545 ",22.2,"83,510","74,160",112.6,111.2,113.2,,
2019.03," 392,400 ", 4.38 ," 1,568 ",22.5,"83,797","75,264",111.3,112.6,107.9,,
2019.04," 398,900 ", 4.17 ," 1,555 ",22.2,"84,007","74,640",112.5,111.3,104.7,,
2019.05," 413,100 ", 4.11 ," 1,599 ",22.8,"84,150","76,752",109.6,112.5,103.2,"as of May 2019, HAI computation is based on Freddie Mac 30-year fixed rate mortgage contract rates",
2019.06," 415,900 ", 3.84 ," 1,558 ",22.2,"84,391","74,784",112.8,109.6,101.0,"as of May 2019, HAI computation is based on Freddie Mac 30-year fixed rate mortgage contract rates",
2019.07," 412,800 ", 3.82 ," 1,543 ",21.9,"84,619","74,064",114.3,112.8,103.3,"as of May 2019, HAI computation is based on Freddie Mac 30-year fixed rate mortgage contract rates",
2019.08," 413,300 ", 3.66 ," 1,514 ",21.4,"84,881","72,672",116.8,114.3,103.4,"as of May 2019, HAI computation is based on Freddie Mac 30-year fixed rate mortgage contract rates",
2019.09," 407,000 ", 3.65 ," 1,489 ",21.0,"85,024","71,472",119.0,116.8,105.8,"as of May 2019, HAI computation is based on Freddie Mac 30-year fixed rate mortgage contract rates",
2019.10," 410,700 ", 3.74 ," 1,520 ",21.4,"85,100","72,960",116.6,119.0,105.4,"as of May 2019, HAI computation is based on Freddie Mac 30-year fixed rate mortgage contract rates",
2019.11," 414,500 ", 3.75 ," 1,536 ",21.6,"85,400","73,728",115.8,116.6,104.0,"as of May 2019, HAI computation is based on Freddie Mac 30-year fixed rate mortgage contract rates",
2019.12," 413,500 ", 3.78 ," 1,538 ",21.6,"85,499","73,824",115.8,115.8,106.0,"as of May 2019, HAI computation is based on Freddie Mac 30-year fixed rate mortgage contract rates",
,,,,,,,,,,,
