Existing Single-Family Home Sales,,,,,,,,,,,,
United States and Each Region ,,,,,,,,,,,,
"Monthly, 1989 to current",,,,,,,,,,,,
(Not Seasonally Adjusted),,,,,,,,,,,,
Existing Home Sales Program © 2021,,,,,,,,,,,,
National Association of REALTORS ® Research Division,,,,,,,,,,,,
"500 New Jersey Avenue, Washington, DC 20001",,,,,,,,,,,,
"Existing Home Sales data are provided by NAR solely for use as a reference. No part of the data may be reproduced, stored in a retrieval system, transmitted or",,,,,,,,,,,,
"redistributed in any form or by any means, electronic, mechanical, photocopying, recording or otherwise, without NAR's prior written consent. ",,,,,,,,,,,,
,,,,,,,,,,,,
,,,,,,,Year over Year % Change,,,,,
,U.S.,Northeast,Midwest,South,West,,U.S.,Northeast,Midwest,South,West,
1989.01 ," 192,000 "," 39,000 "," 49,000 "," 61,000 "," 43,000 ",,,,,,,
1989.02 ," 189,000 "," 36,000 "," 54,000 "," 62,000 "," 37,000 ",,,,,,,
1989.03 ," 244,000 "," 43,000 "," 65,000 "," 83,000 "," 53,000 ",,,,,,,
1989.04 ," 244,000 "," 45,000 "," 71,000 "," 78,000 "," 50,000 ",,,,,,,
1989.05 ," 268,000 "," 51,000 "," 76,000 "," 84,000 "," 57,000 ",,,,,,,
1989.06 ," 293,000 "," 50,000 "," 84,000 "," 97,000 "," 62,000 ",,,,,,,
1989.07 ," 275,000 "," 53,000 "," 79,000 "," 88,000 "," 55,000 ",,,,,,,
1989.08 ," 307,000 "," 52,000 "," 89,000 "," 105,000 "," 61,000 ",,,,,,,
1989.09 ," 273,000 "," 49,000 "," 74,000 "," 94,000 "," 56,000 ",,,,,,,
1989.10 ," 267,000 "," 49,000 "," 71,000 "," 89,000 "," 58,000 ",,,,,,,
1989.11 ," 236,000 "," 39,000 "," 59,000 "," 83,000 "," 55,000 ",,,,,,,
1989.12 ," 222,000 "," 39,000 "," 58,000 "," 79,000 "," 46,000 ",,,,,,,
1990.01 ," 198,000 "," 37,000 "," 51,000 "," 65,000 "," 42,000 ",,3.1%,-5.1%,4.1%,6.6%,-2.3%,
1990.02 ," 182,000 "," 33,000 "," 53,000 "," 59,000 "," 37,000 ",,-3.7%,-8.3%,-1.9%,-4.8%,0.0%,
1990.03 ," 245,000 "," 40,000 "," 69,000 "," 85,000 "," 51,000 ",,0.4%,-7.0%,6.2%,2.4%,-3.8%,
1990.04 ," 253,000 "," 42,000 "," 74,000 "," 83,000 "," 54,000 ",,3.7%,-6.7%,4.2%,6.4%,8.0%,
1990.05 ," 280,000 "," 47,000 "," 79,000 "," 93,000 "," 61,000 ",,4.5%,-7.8%,3.9%,10.7%,7.0%,
1990.06 ," 292,000 "," 50,000 "," 83,000 "," 99,000 "," 60,000 ",,-0.3%,0.0%,-1.2%,2.1%,-3.2%,
1990.07 ," 278,000 "," 54,000 "," 78,000 "," 92,000 "," 54,000 ",,1.1%,1.9%,-1.3%,4.5%,-1.8%,
1990.08 ," 307,000 "," 51,000 "," 86,000 "," 111,000 "," 59,000 ",,0.0%,-1.9%,-3.4%,5.7%,-3.3%,
1990.09 ," 238,000 "," 42,000 "," 67,000 "," 85,000 "," 44,000 ",,-12.8%,-14.3%,-9.5%,-9.6%,-21.4%,
1990.10 ," 242,000 "," 43,000 "," 64,000 "," 86,000 "," 49,000 ",,-9.4%,-12.2%,-9.9%,-3.4%,-15.5%,
1990.11 ," 213,000 "," 38,000 "," 52,000 "," 80,000 "," 43,000 ",,-9.7%,-2.6%,-11.9%,-3.6%,-21.8%,
1990.12 ," 189,000 "," 36,000 "," 48,000 "," 70,000 "," 35,000 ",,-14.9%,-7.7%,-17.2%,-11.4%,-23.9%,
1991.01 ," 160,000 "," 28,000 "," 45,000 "," 54,000 "," 33,000 ",,-19.2%,-24.3%,-11.8%,-16.9%,-21.4%,
1991.02 ," 167,000 "," 31,000 "," 51,000 "," 55,000 "," 30,000 ",,-8.2%,-6.1%,-3.8%,-6.8%,-18.9%,
1991.03 ," 220,000 "," 38,000 "," 65,000 "," 73,000 "," 44,000 ",,-10.2%,-5.0%,-5.8%,-14.1%,-13.7%,
1991.04 ," 261,000 "," 45,000 "," 77,000 "," 85,000 "," 54,000 ",,3.2%,7.1%,4.1%,2.4%,0.0%,
1991.05 ," 297,000 "," 49,000 "," 85,000 "," 100,000 "," 63,000 ",,6.1%,4.3%,7.6%,7.5%,3.3%,
1991.06 ," 298,000 "," 51,000 "," 84,000 "," 102,000 "," 61,000 ",,2.1%,2.0%,1.2%,3.0%,1.7%,
1991.07 ," 287,000 "," 57,000 "," 79,000 "," 95,000 "," 56,000 ",,3.2%,5.6%,1.3%,3.3%,3.7%,
1991.08 ," 284,000 "," 51,000 "," 81,000 "," 100,000 "," 52,000 ",,-7.5%,0.0%,-5.8%,-9.9%,-11.9%,
1991.09 ," 241,000 "," 43,000 "," 66,000 "," 85,000 "," 47,000 ",,1.3%,2.4%,-1.5%,0.0%,6.8%,
1991.10 ," 242,000 "," 42,000 "," 67,000 "," 84,000 "," 49,000 ",,0.0%,-2.3%,4.7%,-2.3%,0.0%,
1991.11 ," 216,000 "," 39,000 "," 54,000 "," 80,000 "," 43,000 ",,1.4%,2.6%,3.8%,0.0%,0.0%,
1991.12 ," 213,000 "," 42,000 "," 53,000 "," 77,000 "," 41,000 ",,12.7%,16.7%,10.4%,10.0%,17.1%,
1992.01 ," 180,000 "," 32,000 "," 52,000 "," 57,000 "," 39,000 ",,12.5%,14.3%,15.6%,5.6%,18.2%,
1992.02 ," 190,000 "," 34,000 "," 61,000 "," 61,000 "," 34,000 ",,13.8%,9.7%,19.6%,10.9%,13.3%,
1992.03 ," 250,000 "," 43,000 "," 76,000 "," 83,000 "," 48,000 ",,13.6%,13.2%,16.9%,13.7%,9.1%,
1992.04 ," 281,000 "," 46,000 "," 83,000 "," 92,000 "," 60,000 ",,7.7%,2.2%,7.8%,8.2%,11.1%,
1992.05 ," 287,000 "," 50,000 "," 82,000 "," 90,000 "," 61,000 ",,-3.4%,2.0%,-3.5%,-10.0%,-3.2%,
1992.06 ," 310,000 "," 61,000 "," 89,000 "," 100,000 "," 60,000 ",,4.0%,19.6%,6.0%,-2.0%,-1.6%,
1992.07 ," 298,000 "," 57,000 "," 87,000 "," 96,000 "," 58,000 ",,3.8%,0.0%,10.1%,1.1%,3.6%,
1992.08 ," 288,000 "," 53,000 "," 84,000 "," 98,000 "," 53,000 ",,1.4%,3.9%,3.7%,-2.0%,1.9%,
1992.09 ," 265,000 "," 49,000 "," 78,000 "," 91,000 "," 47,000 ",,10.0%,14.0%,18.2%,7.1%,0.0%,
1992.10 ," 280,000 "," 52,000 "," 78,000 "," 92,000 "," 58,000 ",,15.7%,23.8%,16.4%,9.5%,18.4%,
1992.11 ," 255,000 "," 47,000 "," 67,000 "," 89,000 "," 52,000 ",,18.1%,20.5%,24.1%,11.3%,20.9%,
1992.12 ," 271,000 "," 53,000 "," 70,000 "," 98,000 "," 50,000 ",,27.2%,26.2%,32.1%,27.3%,22.0%,
1993.01 ," 193,000 "," 39,000 "," 51,000 "," 61,000 "," 42,000 ",,7.2%,21.9%,-1.9%,7.0%,7.7%,
1993.02 ," 187,000 "," 36,000 "," 54,000 "," 63,000 "," 34,000 ",,-1.6%,5.9%,-11.5%,3.3%,0.0%,
1993.03 ," 245,000 "," 42,000 "," 74,000 "," 82,000 "," 47,000 ",,-2.0%,-2.3%,-2.6%,-1.2%,-2.1%,
1993.04 ," 281,000 "," 46,000 "," 83,000 "," 95,000 "," 57,000 ",,0.0%,0.0%,0.0%,3.3%,-5.0%,
1993.05 ," 298,000 "," 50,000 "," 87,000 "," 99,000 "," 62,000 ",,3.8%,0.0%,6.1%,10.0%,1.6%,
1993.06 ," 342,000 "," 59,000 "," 100,000 "," 116,000 "," 67,000 ",,10.3%,-3.3%,12.4%,16.0%,11.7%,
1993.07 ," 334,000 "," 61,000 "," 96,000 "," 110,000 "," 67,000 ",,12.1%,7.0%,10.3%,14.6%,15.5%,
1993.08 ," 345,000 "," 62,000 "," 96,000 "," 119,000 "," 66,000 ",,19.8%,17.0%,14.3%,21.4%,24.5%,
1993.09 ," 307,000 "," 56,000 "," 86,000 "," 108,000 "," 57,000 ",,15.8%,14.3%,10.3%,18.7%,21.3%,
1993.10 ," 299,000 "," 53,000 "," 79,000 "," 101,000 "," 66,000 ",,6.8%,1.9%,1.3%,9.8%,13.8%,
1993.11 ," 294,000 "," 56,000 "," 75,000 "," 102,000 "," 61,000 ",,15.3%,19.1%,11.9%,14.6%,17.3%,
1993.12 ," 304,000 "," 54,000 "," 80,000 "," 111,000 "," 59,000 ",,12.2%,1.9%,14.3%,13.3%,18.0%,
1994.01 ," 218,000 "," 41,000 "," 56,000 "," 70,000 "," 51,000 ",,13.0%,5.1%,9.8%,14.8%,21.4%,
1994.02 ," 204,000 "," 37,000 "," 55,000 "," 71,000 "," 41,000 ",,9.1%,2.8%,1.9%,12.7%,20.6%,
1994.03 ," 288,000 "," 48,000 "," 76,000 "," 100,000 "," 65,000 ",,17.6%,14.3%,2.7%,22.0%,38.3%,
1994.04 ," 323,000 "," 49,000 "," 88,000 "," 111,000 "," 76,000 ",,14.9%,6.5%,6.0%,16.8%,33.3%,
1994.05 ," 349,000 "," 58,000 "," 98,000 "," 118,000 "," 76,000 ",,17.1%,16.0%,12.6%,19.2%,22.6%,
1994.06 ," 365,000 "," 64,000 "," 104,000 "," 120,000 "," 74,000 ",,6.7%,8.5%,4.0%,3.4%,10.4%,
1994.07 ," 325,000 "," 61,000 "," 90,000 "," 106,000 "," 69,000 ",,-2.7%,0.0%,-6.3%,-3.6%,3.0%,
1994.08 ," 353,000 "," 64,000 "," 96,000 "," 122,000 "," 72,000 ",,2.3%,3.2%,0.0%,2.5%,9.1%,
1994.09 ," 299,000 "," 52,000 "," 87,000 "," 104,000 "," 57,000 ",,-2.6%,-7.1%,1.2%,-3.7%,0.0%,
1994.10 ," 284,000 "," 50,000 "," 77,000 "," 97,000 "," 61,000 ",,-5.0%,-5.7%,-2.5%,-4.0%,-7.6%,
1994.11 ," 266,000 "," 46,000 "," 67,000 "," 93,000 "," 57,000 ",,-9.5%,-17.9%,-10.7%,-8.8%,-6.6%,
1994.12 ," 268,000 "," 48,000 "," 67,000 "," 101,000 "," 53,000 ",,-11.8%,-11.1%,-16.3%,-9.0%,-10.2%,
1995.01 ," 198,000 "," 37,000 "," 51,000 "," 63,000 "," 47,000 ",,-9.2%,-9.8%,-8.9%,-10.0%,-7.8%,
1995.02 ," 189,000 "," 35,000 "," 51,000 "," 66,000 "," 37,000 ",,-7.4%,-5.4%,-7.3%,-7.0%,-9.8%,
1995.03 ," 261,000 "," 44,000 "," 67,000 "," 90,000 "," 58,000 ",,-9.4%,-8.3%,-11.8%,-10.0%,-10.8%,
1995.04 ," 260,000 "," 44,000 "," 72,000 "," 87,000 "," 57,000 ",,-19.5%,-10.2%,-18.2%,-21.6%,-25.0%,
1995.05 ," 320,000 "," 51,000 "," 90,000 "," 110,000 "," 67,000 ",,-8.3%,-12.1%,-8.2%,-6.8%,-11.8%,
1995.06 ," 359,000 "," 63,000 "," 101,000 "," 122,000 "," 74,000 ",,-1.6%,-1.6%,-2.9%,1.7%,0.0%,
1995.07 ," 335,000 "," 59,000 "," 92,000 "," 113,000 "," 71,000 ",,3.1%,-3.3%,2.2%,6.6%,2.9%,
1995.08 ," 384,000 "," 64,000 "," 104,000 "," 136,000 "," 79,000 ",,8.8%,0.0%,8.3%,11.5%,9.7%,
1995.09 ," 320,000 "," 57,000 "," 87,000 "," 112,000 "," 64,000 ",,7.0%,9.6%,0.0%,7.7%,12.3%,
1995.10 ," 321,000 "," 58,000 "," 84,000 "," 108,000 "," 71,000 ",,13.0%,16.0%,9.1%,11.3%,16.4%,
1995.11 ," 295,000 "," 54,000 "," 74,000 "," 102,000 "," 65,000 ",,10.9%,17.4%,10.4%,9.7%,14.0%,
1995.12 ," 281,000 "," 49,000 "," 67,000 "," 103,000 "," 62,000 ",,4.9%,2.1%,0.0%,2.0%,17.0%,
1996.01 ," 217,000 "," 39,000 "," 55,000 "," 71,000 "," 53,000 ",,9.6%,5.4%,7.8%,12.7%,12.8%,
1996.02 ," 215,000 "," 38,000 "," 56,000 "," 75,000 "," 47,000 ",,13.8%,8.6%,9.8%,13.6%,27.0%,
1996.03 ," 286,000 "," 47,000 "," 72,000 "," 99,000 "," 69,000 ",,9.6%,6.8%,7.5%,10.0%,19.0%,
1996.04 ," 341,000 "," 55,000 "," 90,000 "," 114,000 "," 83,000 ",,31.2%,25.0%,25.0%,31.0%,45.6%,
1996.05 ," 379,000 "," 60,000 "," 104,000 "," 125,000 "," 91,000 ",,18.4%,17.6%,15.6%,13.6%,35.8%,
1996.06 ," 366,000 "," 66,000 "," 96,000 "," 122,000 "," 83,000 ",,1.9%,4.8%,-5.0%,0.0%,12.2%,
1996.07 ," 379,000 "," 67,000 "," 103,000 "," 126,000 "," 84,000 ",,13.1%,13.6%,12.0%,11.5%,18.3%,
1996.08 ," 391,000 "," 65,000 "," 103,000 "," 134,000 "," 90,000 ",,1.8%,1.6%,-1.0%,-1.5%,13.9%,
1996.09 ," 312,000 "," 55,000 "," 85,000 "," 109,000 "," 64,000 ",,-2.5%,-3.5%,-2.3%,-2.7%,0.0%,
1996.10 ," 327,000 "," 60,000 "," 83,000 "," 106,000 "," 75,000 ",,1.9%,3.4%,-1.2%,-1.9%,5.6%,
1996.11 ," 293,000 "," 52,000 "," 69,000 "," 100,000 "," 70,000 ",,-0.7%,-3.7%,-6.8%,-2.0%,7.7%,
1996.12 ," 289,000 "," 52,000 "," 70,000 "," 102,000 "," 63,000 ",,2.8%,6.1%,4.5%,-1.0%,1.6%,
1997.01 ," 227,000 "," 40,000 "," 55,000 "," 72,000 "," 57,000 ",,4.6%,2.6%,0.0%,1.4%,7.5%,
1997.02 ," 220,000 "," 38,000 "," 57,000 "," 74,000 "," 48,000 ",,2.3%,0.0%,1.8%,-1.3%,2.1%,
1997.03 ," 282,000 "," 48,000 "," 68,000 "," 96,000 "," 71,000 ",,-1.4%,2.1%,-5.6%,-3.0%,2.9%,
1997.04 ," 331,000 "," 56,000 "," 84,000 "," 111,000 "," 81,000 ",,-2.9%,1.8%,-6.7%,-2.6%,-2.4%,
1997.05 ," 374,000 "," 62,000 "," 98,000 "," 126,000 "," 89,000 ",,-1.3%,3.3%,-5.8%,0.8%,-2.2%,
1997.06 ," 384,000 "," 65,000 "," 102,000 "," 131,000 "," 84,000 ",,4.9%,-1.5%,6.3%,7.4%,1.2%,
1997.07 ," 394,000 "," 70,000 "," 104,000 "," 130,000 "," 91,000 ",,4.0%,4.5%,1.0%,3.2%,8.3%,
1997.08," 405,000 "," 66,000 "," 103,000 "," 142,000 "," 95,000 ",,3.6%,1.5%,0.0%,6.0%,5.6%,
1997.09," 351,000 "," 64,000 "," 92,000 "," 124,000 "," 72,000 ",,12.5%,16.4%,8.2%,13.8%,12.5%,
1997.10 ," 366,000 "," 64,000 "," 91,000 "," 125,000 "," 87,000 ",,11.9%,6.7%,9.6%,17.9%,16.0%,
1997.11," 305,000 "," 53,000 "," 73,000 "," 106,000 "," 74,000 ",,4.1%,1.9%,5.8%,6.0%,5.7%,
1997.12," 324,000 "," 57,000 "," 77,000 "," 119,000 "," 72,000 ",,12.1%,9.6%,10.0%,16.7%,14.3%,
1998.01 ," 241,000 "," 43,000 "," 57,000 "," 80,000 "," 62,000 ",,6.2%,7.5%,3.6%,11.1%,8.8%,
1998.02," 250,000 "," 42,000 "," 64,000 "," 91,000 "," 54,000 ",,13.6%,10.5%,12.3%,23.0%,12.5%,
1998.03," 345,000 "," 59,000 "," 85,000 "," 122,000 "," 80,000 ",,22.3%,22.9%,25.0%,27.1%,12.7%,
1998.04," 387,000 "," 62,000 "," 101,000 "," 135,000 "," 90,000 ",,16.9%,10.7%,20.2%,21.6%,11.1%,
1998.05," 417,000 "," 64,000 "," 106,000 "," 144,000 "," 100,000 ",,11.5%,3.2%,8.2%,14.3%,12.4%,
1998.06," 459,000 "," 75,000 "," 120,000 "," 161,000 "," 100,000 ",,19.5%,15.4%,17.6%,22.9%,19.0%,
1998.07," 461,000 "," 77,000 "," 116,000 "," 158,000 "," 107,000 ",,17.0%,10.0%,11.5%,21.5%,17.6%,
1998.08," 442,000 "," 73,000 "," 109,000 "," 161,000 "," 99,000 ",,9.1%,10.6%,5.8%,13.4%,4.2%,
1998.09," 381,000 "," 65,000 "," 101,000 "," 135,000 "," 81,000 ",,8.5%,1.6%,9.8%,8.9%,12.5%,
1998.10 ," 390,000 "," 65,000 "," 96,000 "," 137,000 "," 93,000 ",,6.6%,1.6%,5.5%,9.6%,6.9%,
1998.11," 350,000 "," 59,000 "," 85,000 "," 127,000 "," 80,000 ",,14.8%,11.3%,16.4%,19.8%,8.1%,
1998.12," 373,000 "," 61,000 "," 89,000 "," 141,000 "," 83,000 ",,15.1%,7.0%,15.6%,18.5%,15.3%,
1999.01," 261,000 "," 43,000 "," 62,000 "," 90,000 "," 66,000 ",,8.3%,0.0%,8.8%,12.5%,6.5%,
1999.02," 262,000 "," 44,000 "," 64,000 "," 98,000 "," 55,000 ",,4.8%,4.8%,0.0%,7.7%,1.9%,
1999.03," 367,000 "," 57,000 "," 89,000 "," 136,000 "," 85,000 ",,6.4%,-3.4%,4.7%,11.5%,6.3%,
1999.04," 407,000 "," 61,000 "," 101,000 "," 145,000 "," 100,000 ",,5.2%,-1.6%,0.0%,7.4%,11.1%,
1999.05," 425,000 "," 62,000 "," 107,000 "," 156,000 "," 100,000 ",,1.9%,-3.1%,0.9%,8.3%,0.0%,
1999.06," 505,000 "," 80,000 "," 130,000 "," 183,000 "," 112,000 ",,10.0%,6.7%,8.3%,13.7%,12.0%,
1999.07," 474,000 "," 74,000 "," 119,000 "," 169,000 "," 112,000 ",,2.8%,-3.9%,2.6%,7.0%,4.7%,
1999.08," 478,000 "," 80,000 "," 119,000 "," 176,000 "," 103,000 ",,8.1%,9.6%,9.2%,9.3%,4.0%,
1999.09," 387,000 "," 59,000 "," 98,000 "," 145,000 "," 85,000 ",,1.6%,-9.2%,-3.0%,7.4%,4.9%,
1999.10 ," 373,000 "," 59,000 "," 88,000 "," 136,000 "," 90,000 ",,-4.4%,-9.2%,-8.3%,-0.7%,-3.2%,
1999.11 ," 353,000 "," 54,000 "," 85,000 "," 132,000 "," 82,000 ",,0.9%,-8.5%,0.0%,3.9%,2.5%,
1999.12," 358,000 "," 55,000 "," 83,000 "," 138,000 "," 82,000 ",,-4.0%,-9.8%,-6.7%,-2.1%,-1.2%,
2000.01," 255,000 "," 44,000 "," 61,000 "," 88,000 "," 63,000 ",,-2.3%,2.3%,-1.6%,-2.2%,-4.5%,
2000.02," 276,000 "," 44,000 "," 68,000 "," 105,000 "," 60,000 ",,5.3%,0.0%,6.3%,7.1%,9.1%,
2000.03," 374,000 "," 54,000 "," 92,000 "," 139,000 "," 89,000 ",,1.9%,-5.3%,3.4%,2.2%,4.7%,
2000.04," 385,000 "," 56,000 "," 94,000 "," 141,000 "," 94,000 ",,-5.4%,-8.2%,-6.9%,-2.8%,-6.0%,
2000.05," 437,000 "," 61,000 "," 112,000 "," 162,000 "," 102,000 ",,2.8%,-1.6%,4.7%,3.8%,2.0%,
2000.06," 485,000 "," 78,000 "," 119,000 "," 180,000 "," 107,000 ",,-4.0%,-2.5%,-8.5%,-1.6%,-4.5%,
2000.07," 437,000 "," 77,000 "," 106,000 "," 158,000 "," 96,000 ",,-7.8%,4.1%,-10.9%,-6.5%,-14.3%,
2000.08," 475,000 "," 74,000 "," 115,000 "," 179,000 "," 106,000 ",,-0.6%,-7.5%,-3.4%,1.7%,2.9%,
2000.09," 391,000 "," 60,000 "," 97,000 "," 145,000 "," 89,000 ",,1.0%,1.7%,-1.0%,0.0%,4.7%,
2000.10," 384,000 "," 60,000 "," 90,000 "," 144,000 "," 91,000 ",,2.9%,1.7%,2.3%,5.9%,1.1%,
2000.11," 363,000 "," 56,000 "," 85,000 "," 135,000 "," 87,000 ",,2.8%,3.7%,0.0%,2.3%,6.1%,
2000.12," 340,000 "," 51,000 "," 77,000 "," 131,000 "," 81,000 ",,-5.0%,-7.3%,-7.2%,-5.1%,-1.2%,
2001.01," 264,000 "," 44,000 "," 60,000 "," 94,000 "," 66,000 ",,3.5%,0.0%,-1.6%,6.8%,4.8%,
2001.02," 271,000 "," 41,000 "," 66,000 "," 105,000 "," 59,000 ",,-1.8%,-6.8%,-2.9%,0.0%,-1.7%,
2001.03," 388,000 "," 54,000 "," 92,000 "," 148,000 "," 94,000 ",,3.7%,0.0%,0.0%,6.5%,5.6%,
2001.04," 404,000 "," 58,000 "," 99,000 "," 152,000 "," 95,000 ",,4.9%,3.6%,5.3%,7.8%,1.1%,
2001.05," 450,000 "," 61,000 "," 113,000 "," 172,000 "," 104,000 ",,3.0%,0.0%,0.9%,6.2%,2.0%,
2001.06," 498,000 "," 76,000 "," 122,000 "," 188,000 "," 113,000 ",,2.7%,-2.6%,2.5%,4.4%,5.6%,
2001.07," 471,000 "," 76,000 "," 117,000 "," 172,000 "," 106,000 ",,7.8%,-1.3%,10.4%,8.9%,10.4%,
2001.08," 501,000 "," 78,000 "," 119,000 "," 195,000 "," 110,000 ",,5.5%,5.4%,3.5%,8.9%,3.8%,
2001.09," 371,000 "," 55,000 "," 95,000 "," 141,000 "," 80,000 ",,-5.1%,-8.3%,-2.1%,-2.8%,-10.1%,
2001.10," 392,000 "," 61,000 "," 94,000 "," 148,000 "," 89,000 ",,2.1%,1.7%,4.4%,2.8%,-2.2%,
2001.11," 360,000 "," 54,000 "," 89,000 "," 138,000 "," 80,000 ",,-0.8%,-3.6%,4.7%,2.2%,-8.0%,
2001.12," 362,000 "," 52,000 "," 88,000 "," 142,000 "," 80,000 ",,6.5%,2.0%,14.3%,8.4%,-1.2%,
2002.01," 306,000 "," 50,000 "," 70,000 "," 108,000 "," 78,000 ",,15.9%,13.6%,16.7%,14.9%,18.2%,
2002.02," 303,000 "," 49,000 "," 74,000 "," 114,000 "," 66,000 ",,11.8%,19.5%,12.1%,8.6%,11.9%,
2002.03," 387,000 "," 53,000 "," 95,000 "," 145,000 "," 93,000 ",,-0.3%,-1.9%,3.3%,-2.0%,-1.1%,
2002.04," 443,000 "," 64,000 "," 109,000 "," 163,000 "," 107,000 ",,9.7%,10.3%,10.1%,7.2%,12.6%,
2002.05," 477,000 "," 64,000 "," 120,000 "," 175,000 "," 119,000 ",,6.0%,4.9%,6.2%,1.7%,14.4%,
2002.06," 482,000 "," 74,000 "," 117,000 "," 182,000 "," 109,000 ",,-3.2%,-2.6%,-4.1%,-3.2%,-3.5%,
2002.07," 478,000 "," 74,000 "," 121,000 "," 176,000 "," 106,000 ",,1.5%,-2.6%,3.4%,2.3%,0.0%,
2002.08," 485,000 "," 72,000 "," 117,000 "," 188,000 "," 108,000 ",,-3.2%,-7.7%,-1.7%,-3.6%,-1.8%,
2002.09," 402,000 "," 57,000 "," 104,000 "," 156,000 "," 85,000 ",,8.4%,3.6%,9.5%,10.6%,6.3%,
2002.10," 425,000 "," 63,000 "," 101,000 "," 162,000 "," 99,000 ",,8.4%,3.3%,7.4%,9.5%,11.2%,
2002.11," 381,000 "," 55,000 "," 91,000 "," 144,000 "," 92,000 ",,5.8%,1.9%,2.2%,4.3%,15.0%,
2002.12," 405,000 "," 55,000 "," 98,000 "," 159,000 "," 93,000 ",,11.9%,5.8%,11.4%,12.0%,16.3%,
2003.01," 312,000 "," 49,000 "," 69,000 "," 115,000 "," 80,000 ",,2.0%,-2.0%,-1.4%,6.5%,2.6%,
2003.02," 307,000 "," 46,000 "," 77,000 "," 117,000 "," 67,000 ",,1.3%,-6.1%,4.1%,2.6%,1.5%,
2003.03," 394,000 "," 53,000 "," 97,000 "," 152,000 "," 92,000 ",,1.8%,0.0%,2.1%,4.8%,-1.1%,
2003.04," 456,000 "," 61,000 "," 112,000 "," 169,000 "," 113,000 ",,2.9%,-4.7%,2.8%,3.7%,5.6%,
2003.05," 498,000 "," 64,000 "," 130,000 "," 185,000 "," 120,000 ",,4.4%,0.0%,8.3%,5.7%,0.8%,
2003.06," 534,000 "," 78,000 "," 134,000 "," 200,000 "," 121,000 ",,10.8%,5.4%,14.5%,9.9%,11.0%,
2003.07," 553,000 "," 83,000 "," 139,000 "," 205,000 "," 126,000 ",,15.7%,12.2%,14.9%,16.5%,18.9%,
2003.08," 569,000 "," 79,000 "," 135,000 "," 222,000 "," 133,000 ",,17.3%,9.7%,15.4%,18.1%,23.1%,
2003.09," 498,000 "," 70,000 "," 126,000 "," 192,000 "," 111,000 ",,23.9%,22.8%,21.2%,23.1%,30.6%,
2003.10," 481,000 "," 70,000 "," 111,000 "," 186,000 "," 114,000 ",,13.2%,11.1%,9.9%,14.8%,15.2%,
2003.11," 395,000 "," 56,000 "," 90,000 "," 151,000 "," 98,000 ",,3.7%,1.8%,-1.1%,4.9%,6.5%,
2003.12," 447,000 "," 61,000 "," 103,000 "," 179,000 "," 105,000 ",,10.4%,10.9%,5.1%,12.6%,12.9%,
2004.01," 313,000 "," 47,000 "," 65,000 "," 121,000 "," 80,000 ",,0.3%,-4.1%,-5.8%,5.2%,0.0%,
2004.02," 331,000 "," 50,000 "," 77,000 "," 129,000 "," 75,000 ",,7.8%,8.7%,0.0%,10.3%,11.9%,
2004.03," 467,000 "," 62,000 "," 111,000 "," 180,000 "," 114,000 ",,18.5%,17.0%,14.4%,18.4%,23.9%,
2004.04," 534,000 "," 71,000 "," 127,000 "," 200,000 "," 136,000 ",,17.1%,16.4%,13.4%,18.3%,20.4%,
2004.05," 548,000 "," 67,000 "," 133,000 "," 210,000 "," 138,000 ",,10.0%,4.7%,2.3%,13.5%,15.0%,
2004.06," 642,000 "," 90,000 "," 154,000 "," 243,000 "," 155,000 ",,20.2%,15.4%,14.9%,21.5%,28.1%,
2004.07," 592,000 "," 86,000 "," 141,000 "," 227,000 "," 138,000 ",,7.1%,3.6%,1.4%,10.7%,9.5%,
2004.08," 593,000 "," 84,000 "," 137,000 "," 237,000 "," 135,000 ",,4.2%,6.3%,1.5%,6.8%,1.5%,
2004.09," 501,000 "," 69,000 "," 123,000 "," 193,000 "," 116,000 ",,0.6%,-1.4%,-2.4%,0.5%,4.5%,
2004.10," 490,000 "," 68,000 "," 109,000 "," 192,000 "," 121,000 ",,1.9%,-2.9%,-1.8%,3.2%,6.1%,
2004.11," 470,000 "," 64,000 "," 104,000 "," 185,000 "," 117,000 ",,19.0%,14.3%,15.6%,22.5%,19.4%,
2004.12," 477,000 "," 63,000 "," 108,000 "," 193,000 "," 113,000 ",,6.7%,3.3%,4.9%,7.8%,7.6%,
2005.01," 337,000 "," 49,000 "," 68,000 "," 132,000 "," 88,000 ",,7.7%,4.3%,4.6%,9.1%,10.0%,
2005.02," 351,000 "," 51,000 "," 81,000 "," 139,000 "," 80,000 ",,6.0%,2.0%,5.2%,7.8%,6.7%,
2005.03," 487,000 "," 63,000 "," 113,000 "," 190,000 "," 121,000 ",,4.3%,1.6%,1.8%,5.6%,6.1%,
2005.04," 548,000 "," 72,000 "," 128,000 "," 210,000 "," 138,000 ",,2.6%,1.4%,0.8%,5.0%,1.5%,
2005.05," 582,000 "," 72,000 "," 139,000 "," 229,000 "," 142,000 ",,6.2%,7.5%,4.5%,9.0%,2.9%,
2005.06," 662,000 "," 94,000 "," 153,000 "," 256,000 "," 159,000 ",,3.1%,4.4%,-0.6%,5.3%,2.6%,
2005.07," 595,000 "," 87,000 "," 138,000 "," 232,000 "," 138,000 ",,0.5%,1.2%,-2.1%,2.2%,0.0%,
2005.08," 647,000 "," 91,000 "," 149,000 "," 257,000 "," 150,000 ",,9.1%,8.3%,8.8%,8.4%,11.1%,
2005.09," 549,000 "," 73,000 "," 130,000 "," 220,000 "," 126,000 ",,9.6%,5.8%,5.7%,14.0%,8.6%,
2005.10," 498,000 "," 67,000 "," 109,000 "," 203,000 "," 119,000 ",,1.6%,-1.5%,0.0%,5.7%,-1.7%,
2005.11," 466,000 "," 60,000 "," 100,000 "," 193,000 "," 113,000 ",,-0.9%,-6.3%,-3.8%,4.3%,-3.4%,
2005.12," 458,000 "," 59,000 "," 103,000 "," 196,000 "," 100,000 ",,-4.0%,-6.3%,-4.6%,1.6%,-11.5%,
2006.01," 331,000 "," 44,000 "," 68,000 "," 141,000 "," 78,000 ",,-1.8%,-10.2%,0.0%,6.8%,-11.4%,
2006.02," 352,000 "," 52,000 "," 84,000 "," 144,000 "," 72,000 ",,0.3%,2.0%,3.7%,3.6%,-10.0%,
2006.03," 485,000 "," 66,000 "," 117,000 "," 195,000 "," 107,000 ",,-0.4%,4.8%,3.5%,2.6%,-11.6%,
2006.04," 493,000 "," 67,000 "," 117,000 "," 196,000 "," 113,000 ",,-10.0%,-6.9%,-8.6%,-6.7%,-18.1%,
2006.05," 559,000 "," 70,000 "," 135,000 "," 229,000 "," 125,000 ",,-4.0%,-2.8%,-2.9%,0.0%,-12.0%,
2006.06," 618,000 "," 90,000 "," 145,000 "," 247,000 "," 136,000 ",,-6.6%,-4.3%,-5.2%,-3.5%,-14.5%,
2006.07," 521,000 "," 76,000 "," 122,000 "," 215,000 "," 108,000 ",,-12.4%,-12.6%,-11.6%,-7.3%,-21.7%,
2006.08," 572,000 "," 81,000 "," 131,000 "," 242,000 "," 118,000 ",,-11.6%,-11.0%,-12.1%,-5.8%,-21.3%,
2006.09," 462,000 "," 63,000 "," 109,000 "," 197,000 "," 93,000 ",,-15.8%,-13.7%,-16.2%,-10.5%,-26.2%,
2006.10," 457,000 "," 64,000 "," 101,000 "," 195,000 "," 97,000 ",,-8.2%,-4.5%,-7.3%,-3.9%,-18.5%,
2006.11," 417,000 "," 58,000 "," 91,000 "," 175,000 "," 93,000 ",,-10.5%,-3.3%,-9.0%,-9.3%,-17.7%,
2006.12," 410,000 "," 56,000 "," 94,000 "," 176,000 "," 84,000 ",,-10.5%,-5.1%,-8.7%,-10.2%,-16.0%,
2007.01," 287,000 "," 38,000 "," 63,000 "," 120,000 "," 66,000 ",,-13.3%,-13.6%,-7.4%,-14.9%,-15.4%,
2007.02," 303,000 "," 46,000 "," 75,000 "," 122,000 "," 60,000 ",,-13.9%,-11.5%,-10.7%,-15.3%,-16.7%,
2007.03," 378,000 "," 50,000 "," 92,000 "," 154,000 "," 82,000 ",,-22.1%,-24.2%,-21.4%,-21.0%,-23.4%,
2007.04," 401,000 "," 49,000 "," 100,000 "," 164,000 "," 88,000 ",,-18.7%,-26.9%,-14.5%,-16.3%,-22.1%,
2007.05," 446,000 "," 53,000 "," 117,000 "," 179,000 "," 97,000 ",,-20.2%,-24.3%,-13.3%,-21.8%,-22.4%,
2007.06," 472,000 "," 64,000 "," 120,000 "," 190,000 "," 98,000 ",,-23.6%,-28.9%,-17.2%,-23.1%,-27.9%,
2007.07," 433,000 "," 62,000 "," 111,000 "," 175,000 "," 85,000 ",,-16.9%,-18.4%,-9.0%,-18.6%,-21.3%,
2007.08," 446,000 "," 62,000 "," 110,000 "," 188,000 "," 86,000 ",,-22.0%,-23.5%,-16.0%,-22.3%,-27.1%,
2007.09," 317,000 "," 42,000 "," 82,000 "," 135,000 "," 58,000 ",,-31.4%,-33.3%,-24.8%,-31.5%,-37.6%,
2007.10," 329,000 "," 46,000 "," 80,000 "," 142,000 "," 61,000 ",,-28.0%,-28.1%,-20.8%,-27.2%,-37.1%,
2007.11," 304,000 "," 40,000 "," 71,000 "," 128,000 "," 65,000 ",,-27.1%,-31.0%,-22.0%,-26.9%,-30.1%,
2007.12," 282,000 "," 35,000 "," 70,000 "," 122,000 "," 55,000 ",,-31.2%,-37.5%,-25.5%,-30.7%,-34.5%,
2008.01," 211,000 "," 27,000 "," 49,000 "," 89,000 "," 46,000 ",,-26.5%,-28.9%,-22.2%,-25.8%,-30.3%,
2008.02," 232,000 "," 33,000 "," 60,000 "," 95,000 "," 44,000 ",,-23.4%,-28.3%,-20.0%,-22.1%,-26.7%,
2008.03," 279,000 "," 38,000 "," 70,000 "," 112,000 "," 59,000 ",,-26.2%,-24.0%,-23.9%,-27.3%,-28.0%,
2008.04," 325,000 "," 42,000 "," 78,000 "," 130,000 "," 75,000 ",,-19.0%,-14.3%,-22.0%,-20.7%,-14.8%,
2008.05," 358,000 "," 43,000 "," 91,000 "," 139,000 "," 85,000 ",,-19.7%,-18.9%,-22.2%,-22.3%,-12.4%,
2008.06," 374,000 "," 50,000 "," 91,000 "," 145,000 "," 88,000 ",,-20.8%,-21.9%,-24.2%,-23.7%,-10.2%,
2008.07," 367,000 "," 52,000 "," 90,000 "," 138,000 "," 87,000 ",,-15.2%,-16.1%,-18.9%,-21.1%,2.4%,
2008.08," 362,000 "," 47,000 "," 86,000 "," 144,000 "," 85,000 ",,-18.8%,-24.2%,-21.8%,-23.4%,-1.2%,
2008.09," 328,000 "," 40,000 "," 82,000 "," 126,000 "," 80,000 ",,3.5%,-4.8%,0.0%,-6.7%,37.9%,
2008.10," 311,000 "," 39,000 "," 69,000 "," 121,000 "," 82,000 ",,-5.5%,-15.2%,-13.8%,-14.8%,34.4%,
2008.11," 245,000 "," 29,000 "," 53,000 "," 93,000 "," 70,000 ",,-19.4%,-27.5%,-25.4%,-27.3%,7.7%,
2008.12," 273,000 "," 31,000 "," 63,000 "," 107,000 "," 72,000 ",,-3.2%,-11.4%,-10.0%,-12.3%,30.9%,
2009.01," 200,000 "," 21,000 "," 41,000 "," 75,000 "," 63,000 ",,-5.2%,-22.2%,-16.3%,-15.7%,37.0%,
2009.02," 213,000 "," 27,000 "," 51,000 "," 80,000 "," 55,000 ",,-8.2%,-18.2%,-15.0%,-15.8%,25.0%,
2009.03,"272,000","30,000","66,000","102,000","74,000",,-2.5%,-21.1%,-5.7%,-8.9%,25.4%,
2009.04," 315,000 "," 37,000 "," 72,000 "," 117,000 "," 89,000 ",,-3.1%,-11.9%,-7.7%,-10.0%,18.7%,
2009.05,"337,000","38,000","85,000","122,000","92,000",,-5.9%,-11.6%,-6.6%,-12.2%,8.2%,
2009.06,"393,000","51,000","94,000","145,000","103,000",,5.1%,2.0%,3.3%,0.0%,17.0%,
2009.07,"389,000","55,000","98,000","144,000","92,000",,6.0%,5.8%,8.9%,4.3%,5.7%,
2009.08,"370,000","50,000","87,000","143,000","90,000",,2.2%,6.4%,1.2%,-0.7%,5.9%,
2009.09,"347,000","44,000","86,000","133,000","84,000",,5.8%,10.0%,4.9%,5.6%,5.0%,
2009.10,"372,000","48,000","87,000","145,000","92,000",,19.6%,23.1%,26.1%,19.8%,12.2%,
2009.11,"355,000","44,000","83,000","134,000","94,000",,44.9%,51.7%,56.6%,44.1%,34.3%,
2009.12,"307,000","35,000","68,000","120,000","84,000",,12.5%,12.9%,7.9%,12.1%,16.7%,
2010.01,"210,000","24,000","42,000","80,000","64,000",,5.0%,14.3%,2.4%,6.7%,1.6%,
2010.02,"225,000","30,000","55,000","84,000","56,000",,5.6%,11.1%,7.8%,5.0%,1.8%,
2010.03,"322,000","39,000","79,000","120,000","84,000",,18.4%,30.0%,19.7%,17.6%,13.5%,
2010.04,"395,000","53,000","97,000","148,000","97,000",,25.4%,43.2%,34.7%,26.5%,9.0%,
2010.05,"400,000","44,000","104,000","151,000","101,000",,18.7%,15.8%,22.4%,23.8%,9.8%,
2010.06,"421,000","56,000","103,000","158,000","104,000",,7.1%,9.8%,9.6%,9.0%,1.0%,
2010.07,"290,000","39,000","66,000","114,000","71,000",,-25.4%,-29.1%,-32.7%,-20.8%,-22.8%,
2010.08,"311,000","41,000","67,000","126,000","77,000",,-15.9%,-18.0%,-23.0%,-11.9%,-14.4%,
2010.09,"284,000","36,000","65,000","113,000","70,000",,-18.2%,-18.2%,-24.4%,-15.0%,-16.7%,
2010.10,"272,000","36,000","57,000","108,000","71,000",,-26.9%,-25.0%,-34.5%,-25.5%,-22.8%,
2010.11,"274,000","32,000","57,000","106,000","79,000",,-22.8%,-27.3%,-31.3%,-20.9%,-16.0%,
2010.12,"304,000","35,000","67,000","118,000","84,000",,-1.0%,0.0%,-1.5%,-1.7%,0.0%,
2011.01,"219,000","24,000","44,000","84,000","68,000",,4.3%,0.0%,4.8%,5.0%,6.3%,
2011.02,"221,000","29,000","52,000","83,000","57,000",,-1.8%,-3.3%,-5.5%,-1.2%,1.8%,
2011.03,"301,000","35,000","68,000","115,000","83,000",,-6.5%,-10.3%,-13.9%,-4.2%,-1.2%,
2011.04,"333,000","38,000","75,000","129,000","91,000",,-15.7%,-28.3%,-22.7%,-12.8%,-6.2%,
2011.05,"348,000","39,000","84,000","132,000","93,000",,-13.0%,-11.4%,-19.2%,-12.6%,-7.9%,
2011.06,"395,000","46,000","91,000","152,000","106,000",,-6.2%,-17.9%,-11.7%,-3.8%,1.9%,
2011.07,"340,000","46,000","82,000","132,000","80,000",,17.2%,17.9%,24.2%,15.8%,12.7%,
2011.08,"383,000","47,000","87,000","153,000","96,000",,23.2%,14.6%,29.9%,21.4%,24.7%,
2011.09,"327,000","39,000","77,000","130,000","81,000",,15.1%,8.3%,18.5%,15.0%,15.7%,
2011.10,"305,000","36,000","67,000","123,000","79,000",,12.1%,0.0%,17.5%,13.9%,11.3%,
2011.11,"304,000","34,000","64,000","118,000","88,000",,10.9%,6.3%,12.3%,11.3%,11.4%,
2011.12,"310,000","36,000","72,000","120,000","82,000",,2.0%,2.9%,7.5%,1.7%,-2.4%,
2012.01,"234,000","26,000","50,000","90,000","68,000",,6.8%,8.3%,13.6%,7.1%,0.0%,
2012.02,"252,000","33,000","61,000","95,000","63,000",,14.0%,13.8%,17.3%,14.5%,10.5%,
2012.03,"316,000","37,000","78,000","119,000","82,000",,5.0%,5.7%,14.7%,3.5%,-1.2%,
2012.04,"355,000","43,000","84,000","136,000","92,000",,6.6%,13.2%,12.0%,5.4%,1.1%,
2012.05,"399,000","46,000","102,000","149,000","102,000",,14.7%,17.9%,21.4%,12.9%,9.7%,
2012.06,"416,000","49,000","104,000","159,000","104,000",,5.3%,6.5%,14.3%,4.6%,-1.9%,
2012.07,"378,000","51,000","98,000","146,000","83,000",,11.2%,10.9%,19.5%,10.6%,3.8%,
2012.08,"423,000","53,000","101,000","171,000","98,000",,10.4%,12.8%,16.1%,11.8%,2.1%,
2012.09,"327,000","38,000","82,000","132,000","75,000",,0.0%,-2.6%,6.5%,1.5%,-7.4%,
2012.10,"354,000","41,000","84,000","142,000","87,000",,16.1%,13.9%,25.4%,15.4%,10.1%,
2012.11,"345,000","38,000","79,000","136,000","92,000",,13.5%,11.8%,23.4%,15.3%,4.5%,
2012.12,"329,000","37,000","79,000","130,000","83,000",,6.1%,2.8%,9.7%,8.3%,1.2%,
2013.01,"261,000","30,000","59,000","104,000","68,000",,11.5%,15.4%,18.0%,15.6%,0.0%,
2013.02,"262,000","34,000","66,000","101,000","61,000",,4.0%,3.0%,8.2%,6.3%,-3.2%,
2013.03,"335,000","38,000","85,000","130,000","82,000",,6.0%,2.7%,9.0%,9.2%,0.0%,
2013.04,"401,000","46,000","96,000","160,000","99,000",,13.0%,7.0%,14.3%,17.6%,7.6%,
2013.05,"455,000","50,000","120,000","174,000","111,000",,14.0%,8.7%,17.6%,16.8%,8.8%,
2013.06,"446,000","51,000","115,000","174,000","106,000",,7.2%,4.1%,10.6%,9.4%,1.9%,
2013.07,"455,000","62,000","121,000","174,000","98,000",,20.4%,21.6%,23.5%,19.2%,18.1%,
2013.08,"457,000","59,000","116,000","182,000","100,000",,8.0%,11.3%,14.9%,6.4%,2.0%,
2013.09,"375,000","46,000","95,000","152,000","82,000",,14.7%,21.1%,15.9%,15.2%,9.3%,
2013.10,"372,000","45,000","90,000","151,000","86,000",,5.1%,9.8%,7.1%,6.3%,-1.1%,
2013.11,"324,000","39,000","77,000","131,000","77,000",,-6.1%,2.6%,-2.5%,-3.7%,-16.3%,
2013.12,"341,000","40,000","82,000","142,000","77,000",,3.6%,8.1%,3.8%,9.2%,-7.2%,
2014.01,"249,000","30,000","55,000","104,000","60,000",,-4.6%,0.0%,-6.8%,0.0%,-11.8%,
2014.02,"243,000","29,000","58,000","101,000","55,000",,-7.3%,-14.7%,-12.1%,0.0%,-9.8%,
2014.03,"306,000","36,000","75,000","125,000","70,000",,-8.7%,-5.3%,-11.8%,-3.8%,-14.6%,
2014.04,"368,000","43,000","86,000","151,000","88,000",,-8.2%,-6.5%,-10.4%,-5.6%,-11.1%,
2014.05,"418,000","47,000","108,000","168,000","95,000",,-8.1%,-6.0%,-10.0%,-3.4%,-14.4%,
2014.06,"450,000","53,000","117,000","181,000","99,000",,0.9%,3.9%,1.7%,4.0%,-6.6%,
2014.07,"434,000","58,000","113,000","175,000","88,000",,-4.6%,-6.5%,-6.6%,0.6%,-10.2%,
2014.08,"424,000","56,000","108,000","172,000","88,000",,-7.2%,-5.1%,-6.9%,-5.5%,-12.0%,
2014.09,"384,000","49,000","94,000","159,000","82,000",,2.4%,6.5%,-1.1%,4.6%,0.0%,
2014.10,"389,000","49,000","93,000","163,000","84,000",,4.6%,8.9%,3.3%,7.9%,-2.3%,
2014.11,"313,000","39,000","71,000","132,000","71,000",,-3.4%,0.0%,-7.8%,0.8%,-7.8%,
2014.12,"366,000","44,000","82,000","158,000","82,000",,7.3%,10.0%,0.0%,11.3%,6.5%,
2015.01,"252,000","29,000","54,000","109,000","60,000",,1.2%,-3.3%,-1.8%,4.8%,0.0%,
2015.02,"258,000","31,000","61,000","109,000","57,000",,6.2%,6.9%,5.2%,7.9%,3.6%,
2015.03,"352,000","40,000","88,000","144,000","80,000",,15.0%,11.1%,17.3%,15.2%,14.3%,
2015.04,"395,000","45,000","98,000","159,000","93,000",,7.3%,4.7%,14.0%,5.3%,5.7%,
2015.05,"440,000","51,000","118,000","172,000","99,000",,5.3%,8.5%,9.3%,2.4%,4.2%,
2015.06,"510,000","61,000","136,000","200,000","113,000",,13.3%,15.1%,16.2%,10.5%,14.1%,
2015.07,"486,000","64,000","127,000","195,000","100,000",,12.0%,10.3%,12.4%,11.4%,13.6%,
2015.08,"446,000","59,000","115,000","180,000","92,000",,5.2%,5.4%,6.5%,4.7%,4.5%,
2015.09,"417,000","54,000","105,000","169,000","89,000",,8.6%,10.2%,11.7%,6.3%,8.5%,
2015.10,"393,000","52,000","99,000","158,000","84,000",,1.0%,6.1%,6.5%,-3.1%,0.0%,
2015.11,"312,000","42,000","73,000","129,000","68,000",,-0.3%,7.7%,2.8%,-2.3%,-4.2%,
2015.12,"385,000","48,000","88,000","161,000","88,000",,5.2%,9.1%,7.3%,1.9%,7.3%,
2016.01,"271,000","34,000","62,000","113,000","62,000",,7.5%,17.2%,14.8%,3.7%,3.3%,
2016.02,"276,000","35,000","63,000","119,000","59,000",,7.0%,12.9%,3.3%,9.2%,3.5%,
2016.03,"370,000","44,000","91,000","153,000","82,000",,5.1%,10.0%,3.4%,6.3%,2.5%,
2016.04,"415,000","53,000","108,000","165,000","89,000",,5.1%,17.8%,10.2%,3.8%,-4.3%,
2016.05,"467,000","58,000","124,000","186,000","99,000",,6.1%,13.7%,5.1%,8.1%,0.0%,
2016.06,"519,000","65,000","140,000","203,000","111,000",,1.8%,6.6%,2.9%,1.5%,-1.8%,
2016.07,"455,000","58,000","122,000","182,000","93,000",,-6.4%,-9.4%,-3.9%,-6.7%,-7.0%,
2016.08,"477,000","64,000","123,000","191,000","99,000",,7.0%,8.5%,7.0%,6.1%,7.6%,
2016.09,"430,000","55,000","111,000","171,000","93,000",,3.1%,1.9%,5.7%,1.2%,4.5%,
2016.10,"396,000","52,000","100,000","158,000","86,000",,0.8%,0.0%,1.0%,0.0%,2.4%,
2016.11,"373,000","49,000","88,000","151,000","85,000",,19.6%,16.7%,20.5%,17.1%,25.0%,
2016.12,"389,000","50,000","90,000","163,000","86,000",,1.0%,4.2%,2.3%,1.2%,-2.3%,
2017.01,"287,000","37,000","63,000","119,000","68,000",,5.9%,8.8%,1.6%,5.3%,9.7%,
2017.02,"277,000","33,000","62,000","121,000","61,000",,0.4%,-5.7%,-1.6%,1.7%,3.4%,
2017.03,"399,000","47,000","95,000","169,000","88,000",,7.8%,6.8%,4.4%,10.5%,7.3%,
2017.04,"395,000","48,000","100,000","161,000","86,000",,-4.8%,-9.4%,-7.4%,-2.4%,-3.4%,
2017.05,"493,000","62,000","127,000","198,000","106,000",,5.6%,6.9%,2.4%,6.5%,7.1%,
2017.06,"536,000","68,000","144,000","209,000","115,000",,3.3%,4.6%,2.9%,3.0%,3.6%,
2017.07,"455,000","57,000","118,000","185,000","95,000",,0.0%,-1.7%,-3.3%,1.6%,2.2%,
2017.08,"474,000","63,000","123,000","188,000","100,000",,-0.6%,-1.6%,0.0%,-1.6%,1.0%,
2017.09,"410,000","52,000","106,000","161,000","91,000",,-4.7%,-5.5%,-4.5%,-5.8%,-2.2%,
2017.10,"406,000","53,000","103,000","160,000","90,000",,2.5%,1.9%,3.0%,1.3%,4.7%,
2017.11,"380,000","48,000","93,000","155,000","84,000",,1.9%,-2.0%,5.7%,2.6%,-1.2%,
2017.12,"380,000","47,000","88,000","163,000","82,000",,-2.3%,-6.0%,-2.2%,0.0%,-4.7%,
2018.01,"281,000","35,000","62,000","120,000","64,000",,-2.1%,-5.4%,-1.6%,0.8%,-5.9%,
2018.02,"283,000","31,000","62,000","127,000","63,000",,2.2%,-6.1%,0.0%,5.0%,3.3%,
2018.03,"382,000","41,000","90,000","165,000","86,000",,-4.3%,-12.8%,-5.3%,-2.4%,-2.3%,
2018.04,"404,000","44,000","102,000","170,000","88,000",,2.3%,-8.3%,2.0%,5.6%,2.3%,
2018.05,"475,000","55,000","123,000","195,000","102,000",,-3.7%,-11.3%,-3.1%,-1.5%,-3.8%,
2018.06,"508,000","64,000","136,000","203,000","105,000",,-5.2%,-5.9%,-5.6%,-2.9%,-8.7%,
2018.07,"465,000","58,000","121,000","191,000","95,000",,2.2%,1.8%,2.5%,3.2%,0.0%,
2018.08,"478,000","63,000","126,000","194,000","95,000",,0.8%,0.0%,2.4%,3.2%,-5.0%,
2018.09,"373,000","47,000","98,000","152,000","76,000",,-9.0%,-9.6%,-7.5%,-5.6%,-16.5%,
2018.10,"395,000","51,000","102,000","160,000","82,000",,-2.7%,-3.8%,-1.0%,0.0%,-8.9%,
2018.11,"362,000","48,000","92,000","149,000","73,000",,-4.7%,0.0%,-1.1%,-3.9%,-13.1%,
2018.12,"336,000","44,000","78,000","146,000","68,000",,-11.6%,-6.4%,-11.4%,-10.4%,-17.1%,
2019.01,"255,000","34,000","57,000","109,000","55,000",,-9.3%,-2.9%,-8.1%,-9.2%,-14.1%,
2019.02,"277,000","31,000","62,000","126,000","58,000",,-2.1%,0.0%,0.0%,-0.8%,-7.9%,
2019.03,"355,000","40,000","81,000","159,000","75,000",,-7.1%,-2.4%,-10.0%,-3.6%,-12.8%,
2019.04,"403,000","45,000","98,000","174,000","86,000",,-0.2%,2.3%,-3.9%,2.4%,-2.3%,
2019.05,"482,000","56,000","123,000","203,000","100,000",,1.5%,1.8%,0.0%,4.1%,-2.0%,
2019.06,"473,000","58,000","127,000","193,000","95,000",,-6.9%,-9.4%,-6.6%,-4.9%,-9.5%,
2019.07,"482,000","60,000","124,000","200,000","98,000",,3.7%,3.4%,2.5%,4.7%,3.2%,
2019.08,"475,000","61,000","124,000","195,000","95,000",,-0.6%,-3.2%,-1.6%,0.5%,0.0%,
2019.09,"401,000","50,000","103,000","166,000","82,000",,7.5%,6.4%,5.1%,9.2%,7.9%,
2019.10,"412,000","51,000","104,000","171,000","86,000",,4.3%,0.0%,2.0%,6.9%,4.9%,
2019.11,"364,000","46,000","91,000","151,000","76,000",,0.6%,-4.2%,-1.1%,1.3%,4.1%,
2019.12,"386,000","49,000","89,000","169,000","79,000",,14.9%,11.4%,14.1%,15.8%,16.2%,
2020.01,"285,000","37,000","63,000","125,000","60,000",,11.8%,8.8%,10.5%,14.7%,9.1%,
2020.02,"299,000","32,000","66,000","137,000","64,000",,7.9%,3.2%,6.5%,8.7%,10.3%,
2020.03,"372,000","39,000","88,000","168,000","77,000",,4.8%,-2.5%,8.6%,5.7%,2.7%,
2020.04,"338,000","38,000","89,000","147,000","64,000",,-16.1%,-15.6%,-9.2%,-15.5%,-25.6%,
2020.05,"340,000","37,000","93,000","148,000","62,000",,-29.5%,-33.9%,-24.4%,-27.1%,-38.0%,
2020.06,"460,000","46,000","120,000","203,000","91,000",,-2.7%,-20.7%,-5.5%,5.2%,-4.2%,
2020.07,"538,000","60,000","139,000","231,000","108,000",,11.6%,0.0%,12.1%,15.5%,10.2%,
2020.08,"501,000","63,000","129,000","210,000","99,000",,5.5%,3.3%,4.0%,7.7%,4.2%,
2020.09,"502,000","64,000","127,000","208,000","103,000",,25.2%,28.0%,23.3%,25.3%,25.6%,
2020.10,"511,000","66,000","130,000","210,000","105,000",,24.0%,29.4%,25.0%,22.8%,22.1%,
2020.11,"442,000","58,000","109,000","183,000","92,000",,21.4%,26.1%,19.8%,21.2%,21.1%,
2020.12,"478,000","64,000","111,000","205,000","98,000",,23.8%,30.6%,24.7%,21.3%,24.1%,
