Median Sales Price of Existing Single-Family Homes,,,,,,,,,,,,,,,,,
United States and Each Region ,,,,,,,,,,,,,,,,,
Annual and Monthly Data:  1989 to present,,,,,,,,,,,,,,,,,
(Not seasonally adjusted),,,,,,,,,,,,,,,,,
Existing Home Sales Program © 2021,,,,,,,,,,,,,,,,,
National Association of REALTORS ® Research Division,,,,,,,,,,,,,,,,,
"500 New Jersey Avenue, Washington, DC 20001",,,,,,,,,,,,,,,,,
"Existing Home Sales data are provided by NAR solely for use as a reference. No part of the data may be reproduced, stored in a retrieval system, transmitted or",,,,,,,,,,,,,,,,,
"redistributed in any form or by any means, electronic, mechanical, photocopying, recording or otherwise, without NAR's prior written consent. ",,,,,,,,,,,,,,,,,
,,,,,,,,,,,,,,,,,
,,,,,,,Year over Year % Change,,,,,,,,,,
,U.S.,Northeast,Midwest,South,West,,U.S.,Northeast,Midwest,South,West,,,,,,
1989,"94,600","147,700","73,100","85,600","138,400",,,,,,,,,,,,
1990,"97,300","146,200","76,700","86,300","141,200",,2.9%,-1.0%,4.9%,0.8%,2.0%,,,,,,
1991,"102,700","149,300","81,000","89,800","147,400",,5.5%,2.1%,5.6%,4.1%,4.4%,,,,,,
1992,"105,500","149,000","84,600","92,900","143,300",,2.7%,-0.2%,4.4%,3.5%,-2.8%,,,,,,
1993,"109,100","149,300","87,600","95,800","144,400",,3.4%,0.2%,3.5%,3.1%,0.8%,,,,,,
1994,"113,500","149,300","90,900","97,200","151,900",,4.0%,0.0%,3.8%,1.5%,5.2%,,,,,,
1995,"117,000","146,500","96,500","99,200","153,600",,3.1%,-1.9%,6.2%,2.1%,1.1%,,,,,,
1996,"122,600","147,800","102,800","105,000","160,200",,4.8%,0.9%,6.5%,5.8%,4.3%,,,,,,
1997,"129,000","152,400","108,900","111,300","169,000",,5.2%,3.1%,5.9%,6.0%,5.5%,,,,,,
1998,"136,000","157,100","116,300","118,000","179,500",,5.4%,3.1%,6.8%,6.0%,6.2%,,,,,,
1999,"141,200","160,700","121,600","122,100","189,400",,3.8%,2.3%,4.6%,3.5%,5.5%,,,,,,
2000,"147,300","161,200","125,600","130,300","199,200",,4.3%,0.3%,3.3%,6.7%,5.2%,,,,,,
2001,"156,600","169,400","132,300","139,600","211,700",,6.3%,5.1%,5.3%,7.1%,6.3%,,,,,,
2002,"167,600","190,100","138,300","149,700","234,300",,7.0%,12.2%,4.5%,7.2%,10.7%,,,,,,
2003,"180,200","220,300","143,700","159,700","254,700",,7.5%,15.9%,3.9%,6.7%,8.7%,,,,,,
2004,"195,200","254,400","151,500","171,800","289,100",,8.3%,15.5%,5.4%,7.6%,13.5%,,,,,,
2005,"219,000","281,600","168,300","181,100","340,300",,12.2%,10.7%,11.1%,5.4%,17.7%,,,,,,
2006,"221,900","280,300","164,800","183,700","350,500",,1.3%,-0.5%,-2.1%,1.4%,3.0%,,,,,,
2007,"217,900","288,100","161,400","178,800","342,500",,-1.8%,2.8%,-2.1%,-2.7%,-2.3%,,,,,,
2008,"196,600","271,500","150,500","169,400","276,100",,-9.8%,-5.8%,-6.8%,-5.3%,-19.4%,,,,,,
2009,"172,100","243,200","142,900","155,000","215,400",,-12.5%,-10.4%,-5.0%,-8.5%,-22.0%,,,,,,
2010,"173,100","243,900","140,800","153,700","220,700",,0.6%,0.3%,-1.5%,-0.8%,2.5%,,,,,,
2011,"166,200","237,500","135,800","149,300","204,500",,-4.0%,-2.6%,-3.6%,-2.9%,-7.3%,,,,,,
2012,"177,200","237,200","143,700","158,400","234,300",,6.6%,-0.1%,5.8%,6.1%,14.6%,,,,,,
2013,"197,400","248,900","155,700","174,200","276,400",,11.4%,4.9%,8.4%,10.0%,18.0%,,,,,,
2014,"208,900","252,200","164,200","182,900","294,400",,5.8%,1.3%,5.5%,5.0%,6.5%,,,,,,
2015,"223,900","262,500","175,500","196,400","319,100",,7.2%,4.1%,6.9%,7.4%,8.4%,,,,,,
2016,"235,500","265,400","184,400","209,200","342,900",,5.2%,1.1%,5.1%,6.5%,7.5%,,,,,,
2017,"248,800","275,700","196,200","222,700","369,400",,5.6%,3.9%,6.4%,6.5%,7.7%,,,,,,
2018,"261,600","289,200","201,700","231,600","388,600",,5.1%,4.9%,2.8%,4.0%,5.2%,,,,,,
2019,"274,600","301,900","214,500","241,900","405,200",,5.0%,4.4%,6.3%,4.4%,4.3%,,,,,,
2020,"300,200","341,700","235,400","265,100","451,500",,9.3%,13.2%,9.7%,9.6%,11.4%,,,,,,
,,,,,,,,,,,,,,,,,
1989.01,"90,300","131,300","68,200","81,900","138,100",,,,,,,,,,,,
1989.02,"92,300","130,800","70,100","87,800","132,800",,,,,,,,,,,,
1989.03,"92,900","144,000","69,600","85,500","136,500",,,,,,,,,,,,
1989.04,"93,500","147,100","71,400","85,400","138,900",,,,,,,,,,,,
1989.05,"93,900","144,400","72,500","85,500","140,800",,,,,,,,,,,,
1989.06,"94,800","152,400","75,000","85,800","128,700",,,,,,,,,,,,
1989.07,"95,900","145,100","74,800","86,900","140,200",,,,,,,,,,,,
1989.08,"96,600","155,000","74,100","86,900","136,700",,,,,,,,,,,,
1989.09,"95,600","148,900","74,200","87,000","141,300",,,,,,,,,,,,
1989.10,"94,400","145,200","73,100","85,700","137,100",,,,,,,,,,,,
1989.11,"96,300","156,700","72,900","84,800","140,500",,,,,,,,,,,,
1989.12,"95,200","153,100","75,100","84,700","134,200",,,,,,,,,,,,
1990.01,"95,400","132,100","74,400","85,400","146,700",,5.6%,0.6%,9.1%,4.3%,6.2%,,,,,,
1990.02,"95,500","136,400","74,800","87,300","139,800",,3.5%,4.3%,6.7%,-0.6%,5.3%,,,,,,
1990.03,"97,700","148,900","74,300","88,100","141,700",,5.2%,3.4%,6.8%,3.0%,3.8%,,,,,,
1990.04,"97,200","146,700","77,400","86,000","141,700",,4.0%,-0.3%,8.4%,0.7%,2.0%,,,,,,
1990.05,"97,000","143,500","76,500","86,100","144,600",,3.3%,-0.6%,5.5%,0.7%,2.7%,,,,,,
1990.06,"101,200","148,700","79,500","90,300","141,100",,6.8%,-2.4%,6.0%,5.2%,9.6%,,,,,,
1990.07,"100,300","147,900","78,800","88,500","143,800",,4.6%,1.9%,5.3%,1.8%,2.6%,,,,,,
1990.08,"96,900","161,500","77,100","83,100","128,500",,0.3%,4.2%,4.0%,-4.4%,-6.0%,,,,,,
1990.09,"97,300","141,800","77,200","88,200","142,100",,1.8%,-4.8%,4.0%,1.4%,0.6%,,,,,,
1990.10,"95,000","142,300","74,600","85,000","137,500",,0.6%,-2.0%,2.1%,-0.8%,0.3%,,,,,,
1990.11,"94,300","144,300","74,200","84,400","132,100",,-2.1%,-7.9%,1.8%,-0.5%,-6.0%,,,,,,
1990.12,"94,200","142,500","75,300","83,300","136,800",,-1.1%,-6.9%,0.3%,-1.7%,1.9%,,,,,,
1991.01,"97,400","133,800","77,200","84,900","145,700",,2.1%,1.3%,3.8%,-0.6%,-0.7%,,,,,,
1991.02,"96,600","134,100","77,600","86,100","139,400",,1.2%,-1.7%,3.7%,-1.4%,-0.3%,,,,,,
1991.03,"100,600","145,200","79,200","90,000","144,000",,3.0%,-2.5%,6.6%,2.2%,1.6%,,,,,,
1991.04,"102,200","151,500","80,700","88,800","151,900",,5.1%,3.3%,4.3%,3.3%,7.2%,,,,,,
1991.05,"103,400","150,400","81,100","90,600","151,100",,6.6%,4.8%,6.0%,5.2%,4.5%,,,,,,
1991.06,"104,400","152,100","82,700","91,400","144,800",,3.2%,2.3%,4.0%,1.2%,2.6%,,,,,,
1991.07,"106,300","152,900","82,600","93,300","152,400",,6.0%,3.4%,4.8%,5.4%,6.0%,,,,,,
1991.08,"103,900","156,200","82,200","89,000","142,300",,7.2%,-3.3%,6.6%,7.1%,10.7%,,,,,,
1991.09,"102,900","147,200","79,700","92,300","148,200",,5.8%,3.8%,3.2%,4.6%,4.3%,,,,,,
1991.10,"102,300","145,600","79,800","90,100","146,400",,7.7%,2.3%,7.0%,6.0%,6.5%,,,,,,
1991.11,"101,200","151,500","80,600","88,500","136,700",,7.3%,5.0%,8.6%,4.9%,3.5%,,,,,,
1991.12,"103,100","148,900","81,800","90,600","144,300",,9.4%,4.5%,8.6%,8.8%,5.5%,,,,,,
1992.01,"102,900","139,800","81,500","89,000","148,900",,5.6%,4.5%,5.6%,4.8%,2.2%,,,,,,
1992.02,"103,700","136,800","82,700","92,600","145,400",,7.3%,2.0%,6.6%,7.5%,4.3%,,,,,,
1992.03,"105,100","148,400","82,100","94,000","144,000",,4.5%,2.2%,3.7%,4.4%,0.0%,,,,,,
1992.04,"104,400","151,300","83,400","91,700","142,900",,2.2%,-0.1%,3.3%,3.3%,-5.9%,,,,,,
1992.05,"105,100","147,700","85,200","93,300","144,800",,1.6%,-1.8%,5.1%,3.0%,-4.2%,,,,,,
1992.06,"107,000","149,800","86,100","94,000","143,900",,2.5%,-1.5%,4.1%,2.8%,-0.6%,,,,,,
1992.07,"104,900","153,200","84,300","91,200","142,300",,-1.3%,0.2%,2.1%,-2.3%,-6.6%,,,,,,
1992.08,"105,400","153,500","84,800","94,300","132,300",,1.4%,-1.7%,3.2%,6.0%,-7.0%,,,,,,
1992.09,"105,600","147,100","85,400","94,400","143,800",,2.6%,-0.1%,7.2%,2.3%,-3.0%,,,,,,
1992.10,"105,900","144,900","84,400","94,100","143,600",,3.5%,-0.5%,5.8%,4.4%,-1.9%,,,,,,
1992.11,"105,000","149,800","84,600","93,100","133,800",,3.8%,-1.1%,5.0%,5.2%,-2.1%,,,,,,
1992.12,"105,600","149,600","84,700","93,100","140,400",,2.4%,0.5%,3.5%,2.8%,-2.7%,,,,,,
1993.01,"102,900","133,800","82,700","89,500","141,200",,0.0%,-4.3%,1.5%,0.6%,-5.2%,,,,,,
1993.02,"102,600","132,800","82,900","91,400","138,600",,-1.1%,-2.9%,0.2%,-1.3%,-4.7%,,,,,,
1993.03,"105,100","142,200","84,800","92,900","141,700",,0.0%,-4.2%,3.3%,-1.2%,-1.6%,,,,,,
1993.04,"106,200","151,300","86,800","92,200","142,500",,1.7%,0.0%,4.1%,0.5%,-0.3%,,,,,,
1993.05,"107,900","143,400","88,600","96,000","142,600",,2.7%,-2.9%,4.0%,2.9%,-1.5%,,,,,,
1993.06,"111,900","154,900","90,100","99,000","142,300",,4.6%,3.4%,4.6%,5.3%,-1.1%,,,,,,
1993.07,"110,800","154,700","87,800","97,300","145,300",,5.6%,1.0%,4.2%,6.7%,2.1%,,,,,,
1993.08,"110,500","154,700","87,800","97,300","139,800",,4.8%,0.8%,3.5%,3.2%,5.7%,,,,,,
1993.09,"110,500","148,100","87,100","98,200","148,500",,4.6%,0.7%,2.0%,4.0%,3.3%,,,,,,
1993.10,"109,800","147,500","87,600","97,200","145,200",,3.7%,1.8%,3.8%,3.3%,1.1%,,,,,,
1993.11,"110,000","150,700","88,200","96,800","140,400",,4.8%,0.6%,4.3%,4.0%,4.9%,,,,,,
1993.12,"110,800","154,400","89,000","95,900","144,300",,4.9%,3.2%,5.1%,3.0%,2.8%,,,,,,
1994.01,"109,900","138,700","88,200","95,200","148,700",,6.8%,3.7%,6.7%,6.4%,5.3%,,,,,,
1994.02,"108,600","135,200","86,500","96,500","146,500",,5.8%,1.8%,4.3%,5.6%,5.7%,,,,,,
1994.03,"109,800","145,000","86,500","96,300","147,900",,4.5%,2.0%,2.0%,3.7%,4.4%,,,,,,
1994.04,"111,200","150,100","89,700","95,300","150,100",,4.7%,-0.8%,3.3%,3.4%,5.3%,,,,,,
1994.05,"113,200","146,400","91,400","97,800","153,200",,4.9%,2.1%,3.2%,1.9%,7.4%,,,,,,
1994.06,"116,600","153,200","94,500","101,200","151,500",,4.2%,-1.1%,4.9%,2.2%,6.5%,,,,,,
1994.07,"115,700","154,500","93,200","97,100","154,200",,4.4%,-0.1%,6.2%,-0.2%,6.1%,,,,,,
1994.08,"115,800","157,500","92,900","98,000","148,600",,4.8%,1.8%,5.8%,0.7%,6.3%,,,,,,
1994.09,"113,300","147,200","90,500","98,000","155,200",,2.5%,-0.6%,3.9%,-0.2%,4.5%,,,,,,
1994.10,"112,500","143,500","89,500","97,100","150,600",,2.5%,-2.7%,2.2%,-0.1%,3.7%,,,,,,
1994.11,"112,500","147,200","89,600","96,500","147,800",,2.3%,-2.3%,1.6%,-0.3%,5.3%,,,,,,
1994.12,"113,600","151,200","92,700","95,300","150,500",,2.5%,-2.1%,4.2%,-0.6%,4.3%,,,,,,
1995.01,"110,600","135,100","89,600","93,800","150,000",,0.6%,-2.6%,1.6%,-1.5%,0.9%,,,,,,
1995.02,"109,600","134,000","88,300","94,800","147,500",,0.9%,-0.9%,2.1%,-1.8%,0.7%,,,,,,
1995.03,"110,900","139,300","89,100","95,400","148,900",,1.0%,-3.9%,3.0%,-0.9%,0.7%,,,,,,
1995.04,"111,100","143,500","91,200","94,200","149,200",,-0.1%,-4.4%,1.7%,-1.2%,-0.6%,,,,,,
1995.05,"113,500","140,400","95,300","96,400","151,100",,0.3%,-4.1%,4.3%,-1.4%,-1.4%,,,,,,
1995.06,"119,600","151,500","98,500","102,500","153,200",,2.6%,-1.1%,4.2%,1.3%,1.1%,,,,,,
1995.07,"120,100","153,300","99,400","102,300","154,800",,3.8%,-0.8%,6.7%,5.4%,0.4%,,,,,,
1995.08,"120,700","154,700","100,200","102,100","153,400",,4.2%,-1.8%,7.9%,4.2%,3.2%,,,,,,
1995.09,"119,400","146,500","99,600","101,700","157,800",,5.4%,-0.5%,10.1%,3.8%,1.7%,,,,,,
1995.10,"117,700","144,400","97,400","101,000","152,700",,4.6%,0.6%,8.8%,4.0%,1.4%,,,,,,
1995.11,"118,400","145,700","98,300","100,800","150,900",,5.2%,-1.0%,9.7%,4.5%,2.1%,,,,,,
1995.12,"118,400","148,900","98,900","99,900","152,900",,4.2%,-1.5%,6.7%,4.8%,1.6%,,,,,,
1996.01,"118,500","134,600","98,800","100,700","158,600",,7.1%,-0.4%,10.3%,7.4%,5.7%,,,,,,
1996.02,"116,700","132,100","97,000","101,300","151,900",,6.5%,-1.4%,9.9%,6.9%,3.0%,,,,,,
1996.03,"119,100","141,800","98,300","103,100","156,000",,7.4%,1.8%,10.3%,8.1%,4.8%,,,,,,
1996.04,"120,000","148,000","101,100","101,900","156,700",,8.0%,3.1%,10.9%,8.2%,5.0%,,,,,,
1996.05,"121,900","144,500","103,000","104,200","160,300",,7.4%,2.9%,8.1%,8.1%,6.1%,,,,,,
1996.06,"126,300","154,700","107,000","108,800","162,200",,5.6%,2.1%,8.6%,6.1%,5.9%,,,,,,
1996.07,"125,100","153,600","105,100","107,100","163,300",,4.2%,0.2%,5.7%,4.7%,5.5%,,,,,,
1996.08,"124,400","153,500","104,900","106,200","158,200",,3.1%,-0.8%,4.7%,4.0%,3.1%,,,,,,
1996.09,"122,900","144,700","103,300","106,700","164,100",,2.9%,-1.2%,3.7%,4.9%,4.0%,,,,,,
1996.10,"121,400","144,300","100,200","105,700","156,500",,3.1%,-0.1%,2.9%,4.7%,2.5%,,,,,,
1996.11,"122,300","146,700","101,800","105,100","154,800",,3.3%,0.7%,3.6%,4.3%,2.6%,,,,,,
1996.12,"124,000","152,900","105,200","105,500","159,300",,4.7%,2.7%,6.4%,5.6%,4.2%,,,,,,
1997.01,"123,400","139,200","103,000","104,500","164,600",,4.1%,3.4%,4.3%,3.8%,3.8%,,,,,,
1997.02,"121,200","135,000","101,900","105,500","157,400",,3.9%,2.2%,5.1%,4.1%,3.6%,,,,,,
1997.03,"123,700","142,700","103,400","108,100","160,400",,3.9%,0.6%,5.2%,4.8%,2.8%,,,,,,
1997.04,"124,700","152,700","105,800","106,200","164,500",,3.9%,3.2%,4.6%,4.2%,5.0%,,,,,,
1997.05,"128,000","150,100","108,600","111,200","168,600",,5.0%,3.9%,5.4%,6.7%,5.2%,,,,,,
1997.06,"131,400","154,900","112,400","114,300","169,300",,4.0%,0.1%,5.0%,5.1%,4.4%,,,,,,
1997.07,"131,000","157,300","110,500","113,200","171,300",,4.7%,2.4%,5.1%,5.7%,4.9%,,,,,,
1997.08,"131,600","159,300","112,600","113,300","167,100",,5.8%,3.8%,7.3%,6.7%,5.6%,,,,,,
1997.09,"131,300","154,800","110,200","114,800","173,500",,6.8%,7.0%,6.7%,7.6%,5.7%,,,,,,
1997.10,"129,300","148,800","107,900","113,000","170,400",,6.5%,3.1%,7.7%,6.9%,8.9%,,,,,,
1997.11,"129,500","154,500","108,800","111,500","166,400",,5.9%,5.3%,6.9%,6.1%,7.5%,,,,,,
1997.12,"131,400","157,600","110,500","113,400","171,400",,6.0%,3.1%,5.0%,7.5%,7.6%,,,,,,
1998.01,"130,400","143,200","110,400","111,700","172,000",,5.7%,2.9%,7.2%,6.9%,4.5%,,,,,,
1998.02,"128,600","140,000","107,600","114,500","170,000",,6.1%,3.7%,5.6%,8.5%,8.0%,,,,,,
1998.03,"131,100","147,000","111,000","115,600","171,900",,6.0%,3.0%,7.4%,6.9%,7.2%,,,,,,
1998.04,"132,300","155,900","113,100","113,500","178,000",,6.1%,2.1%,6.9%,6.9%,8.2%,,,,,,
1998.05,"136,500","160,800","116,900","118,000","181,100",,6.6%,7.1%,7.6%,6.1%,7.4%,,,,,,
1998.06,"138,600","161,900","120,800","122,400","176,900",,5.5%,4.5%,7.5%,7.1%,4.5%,,,,,,
1998.07,"139,100","166,600","119,000","119,600","184,200",,6.2%,5.9%,7.7%,5.7%,7.5%,,,,,,
1998.08,"137,000","164,900","118,800","120,000","173,500",,4.1%,3.5%,5.5%,5.9%,3.8%,,,,,,
1998.09,"137,200","158,000","117,800","119,400","185,100",,4.5%,2.1%,6.9%,4.0%,6.7%,,,,,,
1998.10,"135,600","150,700","115,300","119,900","178,600",,4.9%,1.3%,6.9%,6.1%,4.8%,,,,,,
1998.11,"136,900","156,200","117,100","118,900","179,700",,5.7%,1.1%,7.6%,6.6%,8.0%,,,,,,
1998.12,"136,300","159,300","117,100","117,000","178,800",,3.7%,1.1%,6.0%,3.2%,4.3%,,,,,,
1999.01,"136,700","148,900","116,000","116,600","187,600",,4.8%,4.0%,5.1%,4.4%,9.1%,,,,,,
1999.02,"134,600","149,100","113,000","116,900","181,700",,4.7%,6.5%,5.0%,2.1%,6.9%,,,,,,
1999.03,"136,300","151,700","115,100","119,200","186,300",,4.0%,3.2%,3.7%,3.1%,8.4%,,,,,,
1999.04,"137,500","156,400","118,000","118,800","185,100",,3.9%,0.3%,4.3%,4.7%,4.0%,,,,,,
1999.05,"140,600","161,800","121,000","122,100","189,600",,3.0%,0.6%,3.5%,3.5%,4.7%,,,,,,
1999.06,"144,600","163,400","126,400","128,900","187,900",,4.3%,0.9%,4.6%,5.3%,6.2%,,,,,,
1999.07,"143,400","166,400","125,300","124,600","187,300",,3.1%,-0.1%,5.3%,4.2%,1.7%,,,,,,
1999.08,"143,800","166,500","125,700","124,200","193,300",,5.0%,1.0%,5.8%,3.5%,11.4%,,,,,,
1999.09,"142,600","158,900","123,100","124,300","198,400",,3.9%,0.6%,4.5%,4.1%,7.2%,,,,,,
1999.10,"140,200","153,400","121,200","123,700","187,300",,3.4%,1.8%,5.1%,3.2%,4.9%,,,,,,
1999.11,"140,900","159,500","120,500","122,800","185,500",,2.9%,2.1%,2.9%,3.3%,3.2%,,,,,,
1999.12,"141,800","167,100","121,600","121,900","186,100",,4.0%,4.9%,3.8%,4.2%,4.1%,,,,,,
2000.01,"139,600","142,900","122,100","119,000","188,000",,2.1%,-4.0%,5.3%,2.1%,0.2%,,,,,,
2000.02,"140,500","151,900","116,700","127,400","186,800",,4.4%,1.9%,3.3%,9.0%,2.8%,,,,,,
2000.03,"141,600","149,600","118,300","125,900","196,500",,3.9%,-1.4%,2.8%,5.6%,5.5%,,,,,,
2000.04,"143,100","166,300","121,300","125,500","197,500",,4.1%,6.3%,2.8%,5.6%,6.7%,,,,,,
2000.05,"145,700","165,000","122,700","128,400","201,000",,3.6%,2.0%,1.4%,5.2%,6.0%,,,,,,
2000.06,"148,100","168,800","130,100","130,300","198,200",,2.4%,3.3%,2.9%,1.1%,5.5%,,,,,,
2000.07,"151,100","168,600","130,900","132,900","199,100",,5.4%,1.3%,4.5%,6.7%,6.3%,,,,,,
2000.08,"149,800","163,500","131,100","131,400","199,500",,4.2%,-1.8%,4.3%,5.8%,3.2%,,,,,,
2000.09,"150,300","155,600","129,900","134,400","204,700",,5.4%,-2.1%,5.5%,8.1%,3.2%,,,,,,
2000.10,"146,600","158,600","121,100","131,100","200,800",,4.6%,3.4%,-0.1%,6.0%,7.2%,,,,,,
2000.11,"147,500","168,400","118,700","132,000","200,000",,4.7%,5.6%,-1.5%,7.5%,7.8%,,,,,,
2000.12,"148,200","166,900","123,500","132,900","198,900",,4.5%,-0.1%,1.6%,9.0%,6.9%,,,,,,
2001.01,"143,900","154,500","123,300","128,900","192,300",,3.1%,8.1%,1.0%,8.3%,2.3%,,,,,,
2001.02,"145,700","151,900","123,100","132,100","197,100",,3.7%,0.0%,5.5%,3.7%,5.5%,,,,,,
2001.03,"150,800","160,700","125,000","137,100","208,100",,6.5%,7.4%,5.7%,8.9%,5.9%,,,,,,
2001.04,"150,400","164,500","123,800","136,800","205,200",,5.1%,-1.1%,2.1%,9.0%,3.9%,,,,,,
2001.05,"153,600","166,600","128,500","139,400","212,500",,5.4%,1.0%,4.7%,8.6%,5.7%,,,,,,
2001.06,"160,800","176,100","133,200","147,800","213,100",,8.6%,4.3%,2.4%,13.4%,7.5%,,,,,,
2001.07,"160,000","179,600","139,800","140,300","207,700",,5.9%,6.5%,6.8%,5.6%,4.3%,,,,,,
2001.08,"160,700","180,800","136,100","143,800","212,700",,7.3%,10.6%,3.8%,9.4%,6.6%,,,,,,
2001.09,"156,500","164,000","132,200","140,300","221,700",,4.1%,5.4%,1.8%,4.4%,8.3%,,,,,,
2001.10,"153,800","166,200","126,200","139,400","213,800",,4.9%,4.8%,4.2%,6.3%,6.5%,,,,,,
2001.11,"155,500","177,500","125,200","141,800","204,000",,5.4%,5.4%,5.5%,7.4%,2.0%,,,,,,
2001.12,"162,400","186,400","133,700","147,000","208,200",,9.6%,11.7%,8.3%,10.6%,4.7%,,,,,,
2002.01,"158,000","170,400","129,700","140,000","223,600",,9.8%,10.3%,5.2%,8.6%,16.3%,,,,,,
2002.02,"157,600","173,800","128,800","141,400","228,600",,8.2%,14.4%,4.6%,7.0%,16.0%,,,,,,
2002.03,"160,100","178,100","127,400","148,500","230,200",,6.2%,10.8%,1.9%,8.3%,10.6%,,,,,,
2002.04,"160,800","182,600","131,200","143,200","227,400",,6.9%,11.0%,6.0%,4.7%,10.8%,,,,,,
2002.05,"164,200","178,300","135,100","150,100","234,000",,6.9%,7.0%,5.1%,7.7%,10.1%,,,,,,
2002.06,"173,200","196,900","141,100","158,300","235,700",,7.7%,11.8%,5.9%,7.1%,10.6%,,,,,,
2002.07,"171,700","199,000","142,900","151,400","238,800",,7.3%,10.8%,2.2%,7.9%,15.0%,,,,,,
2002.08,"169,100","199,600","140,700","151,100","228,200",,5.2%,10.4%,3.4%,5.1%,7.3%,,,,,,
2002.09,"167,600","186,300","141,700","151,900","233,400",,7.1%,13.6%,7.2%,8.3%,5.3%,,,,,,
2002.10,"168,600","189,600","139,100","152,400","233,000",,9.6%,14.1%,10.2%,9.3%,9.0%,,,,,,
2002.11,"170,600","201,500","140,300","152,100","228,700",,9.7%,13.5%,12.1%,7.3%,12.1%,,,,,,
2002.12,"172,800","208,200","140,800","153,600","238,000",,6.4%,11.7%,5.3%,4.5%,14.3%,,,,,,
2003.01,"167,800","195,100","133,600","149,400","237,000",,6.2%,14.5%,3.0%,6.7%,6.0%,,,,,,
2003.02,"167,100","189,100","134,500","153,400","233,600",,6.0%,8.8%,4.4%,8.5%,2.2%,,,,,,
2003.03,"170,300","198,000","137,200","155,500","236,400",,6.4%,11.2%,7.7%,4.7%,2.7%,,,,,,
2003.04,"172,500","209,600","137,900","153,500","249,500",,7.3%,14.8%,5.1%,7.2%,9.7%,,,,,,
2003.05,"176,300","204,900","142,500","156,300","251,600",,7.4%,14.9%,5.5%,4.1%,7.5%,,,,,,
2003.06,"185,000","220,100","150,100","166,100","259,000",,6.8%,11.8%,6.4%,4.9%,9.9%,,,,,,
2003.07,"185,800","232,600","149,900","165,600","255,800",,8.2%,16.9%,4.9%,9.4%,7.1%,,,,,,
2003.08,"185,300","230,300","152,100","164,900","253,500",,9.6%,15.4%,8.1%,9.1%,11.1%,,,,,,
2003.09,"182,400","225,400","146,200","163,800","256,000",,8.8%,21.0%,3.2%,7.8%,9.7%,,,,,,
2003.10,"181,700","226,600","141,700","161,100","257,700",,7.8%,19.5%,1.9%,5.7%,10.6%,,,,,,
2003.11,"180,200","226,300","143,500","156,700","256,400",,5.6%,12.3%,2.3%,3.0%,12.1%,,,,,,
2003.12,"185,400","236,700","144,600","161,700","270,400",,7.3%,13.7%,2.7%,5.3%,13.6%,,,,,,
2004.01,"178,500","233,700","135,600","155,800","261,600",,6.4%,19.8%,1.5%,4.3%,10.4%,,,,,,
2004.02,"180,800","230,700","140,700","159,100","259,800",,8.2%,22.0%,4.6%,3.7%,11.2%,,,,,,
2004.03,"182,700","238,200","139,400","163,400","264,100",,7.3%,20.3%,1.6%,5.1%,11.7%,,,,,,
2004.04,"186,100","247,900","145,900","164,600","274,700",,7.9%,18.3%,5.8%,7.2%,10.1%,,,,,,
2004.05,"193,200","242,800","154,500","171,000","282,000",,9.6%,18.5%,8.4%,9.4%,12.1%,,,,,,
2004.06,"201,800","255,800","158,800","180,500","292,400",,9.1%,16.2%,5.8%,8.7%,12.9%,,,,,,
2004.07,"200,800","258,000","157,500","174,700","301,100",,8.1%,10.9%,5.1%,5.5%,17.7%,,,,,,
2004.08,"197,300","253,600","157,600","172,700","284,700",,6.5%,10.1%,3.6%,4.7%,12.3%,,,,,,
2004.09,"197,200","257,000","152,000","174,800","294,200",,8.1%,14.0%,4.0%,6.7%,14.9%,,,,,,
2004.10,"196,100","259,900","152,000","170,800","297,900",,7.9%,14.7%,7.3%,6.0%,15.6%,,,,,,
2004.11,"198,800","265,400","152,300","172,100","294,300",,10.3%,17.3%,6.1%,9.8%,14.8%,,,,,,
2004.12,"200,400","257,100","154,900","175,100","302,600",,8.1%,8.6%,7.1%,8.3%,11.9%,,,,,,
2005.01,"195,100","254,500","144,300","169,200","305,500",,9.3%,8.9%,6.4%,8.6%,16.8%,,,,,,
2005.02,"196,300","272,700","149,300","167,500","298,800",,8.6%,18.2%,6.1%,5.3%,15.0%,,,,,,
2005.03,"201,500","275,600","152,800","168,800","317,400",,10.3%,15.7%,9.6%,3.3%,20.2%,,,,,,
2005.04,"213,500","277,700","165,700","172,800","335,100",,14.7%,12.0%,13.6%,5.0%,22.0%,,,,,,
2005.05,"215,800","277,800","169,900","178,500","333,600",,11.7%,14.4%,10.0%,4.4%,18.3%,,,,,,
2005.06,"229,000","289,100","176,900","191,100","347,100",,13.5%,13.0%,11.4%,5.9%,18.7%,,,,,,
2005.07,"227,700","292,300","176,900","186,100","354,100",,13.4%,13.3%,12.3%,6.5%,17.6%,,,,,,
2005.08,"229,600","293,200","176,700","188,600","350,500",,16.4%,15.6%,12.1%,9.2%,23.1%,,,,,,
2005.09,"225,400","284,200","171,500","187,600","352,100",,14.3%,10.6%,12.8%,7.3%,19.7%,,,,,,
2005.10,"229,200","277,300","169,900","199,500","348,500",,16.9%,6.7%,11.8%,16.8%,17.0%,,,,,,
2005.11,"225,200","287,200","168,300","184,200","361,400",,13.3%,8.2%,10.5%,7.0%,22.8%,,,,,,
2005.12,"221,600","280,700","168,400","182,500","351,000",,10.6%,9.2%,8.7%,4.2%,16.0%,,,,,,
2006.01,"216,800","269,600","164,900","176,600","344,900",,11.1%,5.9%,14.3%,4.4%,12.9%,,,,,,
2006.02,"214,300","278,800","154,800","179,900","334,800",,9.2%,2.2%,3.7%,7.4%,12.0%,,,,,,
2006.03,"217,200","279,000","157,200","179,800","347,400",,7.8%,1.2%,2.9%,6.5%,9.5%,,,,,,
2006.04,"222,600","297,400","160,600","182,100","353,400",,4.3%,7.1%,-3.1%,5.4%,5.5%,,,,,,
2006.05,"228,500","290,100","168,900","191,200","351,000",,5.9%,4.4%,-0.6%,7.1%,5.2%,,,,,,
2006.06,"230,100","299,800","172,200","190,700","348,200",,0.5%,3.7%,-2.7%,-0.2%,0.3%,,,,,,
2006.07,"230,900","285,400","175,200","193,500","353,300",,1.4%,-2.4%,-1.0%,4.0%,-0.2%,,,,,,
2006.08,"224,000","277,500","169,000","184,800","352,400",,-2.4%,-5.4%,-4.4%,-2.0%,0.5%,,,,,,
2006.09,"221,100","269,400","165,700","184,300","348,100",,-1.9%,-5.2%,-3.4%,-1.8%,-1.1%,,,,,,
2006.10,"219,600","262,300","162,400","184,800","351,800",,-4.2%,-5.4%,-4.4%,-7.4%,0.9%,,,,,,
2006.11,"216,700","274,300","159,300","178,800","357,100",,-3.8%,-4.5%,-5.3%,-2.9%,-1.2%,,,,,,
2006.12,"220,800","288,300","162,600","181,000","356,100",,-0.4%,2.7%,-3.4%,-0.8%,1.5%,,,,,,
2007.01,"209,300","266,200","156,700","174,400","329,600",,-3.5%,-1.3%,-5.0%,-1.2%,-4.4%,,,,,,
2007.02,"212,400","267,600","151,400","178,700","341,700",,-0.9%,-4.0%,-2.2%,-0.7%,2.1%,,,,,,
2007.03,"216,200","280,200","156,600","179,800","341,900",,-0.5%,0.4%,-0.4%,0.0%,-1.6%,,,,,,
2007.04,"219,300","297,500","159,900","179,900","350,800",,-1.5%,0.0%,-0.4%,-1.2%,-0.7%,,,,,,
2007.05,"221,900","292,500","162,300","183,200","349,600",,-2.9%,0.8%,-3.9%,-4.2%,-0.4%,,,,,,
2007.06,"229,200","302,600","166,500","190,600","355,200",,-0.4%,0.9%,-3.3%,-0.1%,2.0%,,,,,,
2007.07,"228,500","303,300","171,000","185,400","358,700",,-1.0%,6.3%,-2.4%,-4.2%,1.5%,,,,,,
2007.08,"223,700","288,000","174,700","183,300","339,100",,-0.1%,3.8%,3.4%,-0.8%,-3.8%,,,,,,
2007.09,"208,600","267,300","161,800","173,600","318,500",,-5.7%,-0.8%,-2.4%,-5.8%,-8.5%,,,,,,
2007.10,"204,800","261,200","156,800","169,900","322,900",,-6.7%,-0.4%,-3.4%,-8.1%,-8.2%,,,,,,
2007.11,"207,300","263,500","156,400","172,300","333,000",,-4.3%,-3.9%,-1.8%,-3.6%,-6.7%,,,,,,
2007.12,"205,000","258,600","154,900","171,300","318,000",,-7.2%,-10.3%,-4.7%,-5.4%,-10.7%,,,,,,
2008.01,"197,200","274,900","144,300","162,900","301,400",,-5.8%,3.3%,-7.9%,-6.6%,-8.6%,,,,,,
2008.02,"193,600","274,000","137,000","163,000","296,600",,-8.9%,2.4%,-9.5%,-8.8%,-13.2%,,,,,,
2008.03,"197,600","291,000","145,100","167,300","290,600",,-8.6%,3.9%,-7.3%,-7.0%,-15.0%,,,,,,
2008.04,"199,600","266,300","153,400","170,000","290,600",,-9.0%,-10.5%,-4.1%,-5.5%,-17.2%,,,,,,
2008.05,"206,000","284,600","158,900","174,700","290,200",,-7.2%,-2.7%,-2.1%,-4.6%,-17.0%,,,,,,
2008.06,"213,600","266,100","169,800","186,100","288,400",,-6.8%,-12.1%,2.0%,-2.4%,-18.8%,,,,,,
2008.07,"208,900","280,000","165,100","177,400","286,900",,-8.6%,-7.7%,-3.5%,-4.3%,-20.0%,,,,,,
2008.08,"201,900","274,400","164,800","177,600","254,900",,-9.7%,-4.7%,-5.7%,-3.1%,-24.8%,,,,,,
2008.09,"190,300","255,400","146,900","166,400","262,300",,-8.8%,-4.5%,-9.2%,-4.1%,-17.6%,,,,,,
2008.10,"185,700","242,500","141,500","161,400","265,600",,-9.3%,-7.2%,-9.8%,-5.0%,-17.7%,,,,,,
2008.11,"179,900","266,700","138,500","154,200","246,700",,-13.2%,1.2%,-11.4%,-10.5%,-25.9%,,,,,,
2008.12,"175,000","237,200","138,400","154,500","235,600",,-14.6%,-8.3%,-10.7%,-9.8%,-25.9%,,,,,,
2009.01,"164,200","230,600","129,200","144,100","219,500",,-16.7%,-16.1%,-10.5%,-11.5%,-27.2%,,,,,,
2009.02,"167,900","242,100","128,300","147,100","235,500",,-13.3%,-11.6%,-6.4%,-9.8%,-20.6%,,,,,,
2009.03,"169,700","232,900","137,300","148,500","232,600",,-14.1%,-20.0%,-5.4%,-11.2%,-20.0%,,,,,,
2009.04,"166,000","241,800","137,600","149,800","207,700",,-16.8%,-9.2%,-10.3%,-11.9%,-28.5%,,,,,,
2009.05,"174,600","246,300","146,200","160,000","210,800",,-15.2%,-13.5%,-8.0%,-8.4%,-27.4%,,,,,,
2009.06,"181,900","249,400","155,400","165,900","224,100",,-14.8%,-6.3%,-8.5%,-10.9%,-22.3%,,,,,,
2009.07,"181,700","253,900","155,600","164,800","222,800",,-13.0%,-9.3%,-5.8%,-7.1%,-22.3%,,,,,,
2009.08,"177,100","241,700","148,400","159,700","225,000",,-12.3%,-11.9%,-10.0%,-10.1%,-11.7%,,,,,,
2009.09,"175,900","245,700","146,300","155,600","228,900",,-7.6%,-3.8%,-0.4%,-6.5%,-12.7%,,,,,,
2009.10,"172,000","239,300","143,800","151,600","225,600",,-7.4%,-1.3%,1.6%,-6.1%,-15.1%,,,,,,
2009.11,"169,300","221,200","138,500","153,700","214,800",,-5.9%,-17.1%,0.0%,-0.3%,-12.9%,,,,,,
2009.12,"169,600","244,100","133,100","150,700","221,900",,-3.1%,2.9%,-3.8%,-2.5%,-5.8%,,,,,,
2010.01,"163,800","249,700","127,200","142,600","209,900",,-0.2%,8.3%,-1.5%,-1.0%,-4.4%,,,,,,
2010.02,"163,900","261,900","126,700","143,200","206,000",,-2.4%,8.2%,-1.2%,-2.7%,-12.5%,,,,,,
2010.03,"169,500","243,100","134,000","151,000","222,000",,-0.1%,4.4%,-2.4%,1.7%,-4.6%,,,,,,
2010.04,"172,500","249,100","139,700","152,000","223,400",,3.9%,3.0%,1.5%,1.5%,7.6%,,,,,,
2010.05,"174,500","220,800","148,200","156,700","225,400",,-0.1%,-10.4%,1.4%,-2.1%,6.9%,,,,,,
2010.06,"183,500","252,800","155,600","163,200","226,200",,0.9%,1.4%,0.1%,-1.6%,0.9%,,,,,,
2010.07,"183,000","265,500","150,900","159,600","231,000",,0.7%,4.6%,-3.0%,-3.2%,3.7%,,,,,,
2010.08,"178,100","254,600","146,800","157,100","224,200",,0.6%,5.3%,-1.1%,-1.6%,-0.4%,,,,,,
2010.09,"172,400","239,600","138,800","153,400","223,100",,-2.0%,-2.5%,-5.1%,-1.4%,-2.5%,,,,,,
2010.10,"171,500","242,400","138,900","153,100","216,300",,-0.3%,1.3%,-3.4%,1.0%,-4.1%,,,,,,
2010.11,"170,900","244,600","138,600","150,800","216,900",,0.9%,10.6%,0.1%,-1.9%,1.0%,,,,,,
2010.12,"169,300","234,200","140,100","153,300","209,900",,-0.2%,-4.1%,5.3%,1.7%,-5.4%,,,,,,
2011.01,"158,500","236,100","126,400","141,400","196,700",,-3.2%,-5.4%,-0.6%,-0.8%,-6.3%,,,,,,
2011.02,"156,900","230,500","120,600","140,900","195,900",,-4.3%,-12.0%,-4.8%,-1.6%,-4.9%,,,,,,
2011.03,"160,600","234,400","126,000","143,400","201,000",,-5.3%,-3.6%,-6.0%,-5.0%,-9.5%,,,,,,
2011.04,"161,300","235,400","131,500","145,400","196,900",,-6.5%,-5.5%,-5.9%,-4.3%,-11.9%,,,,,,
2011.05,"169,800","240,700","139,100","152,000","211,300",,-2.7%,9.0%,-6.1%,-3.0%,-6.3%,,,,,,
2011.06,"176,100","259,300","146,300","158,400","210,600",,-4.0%,2.6%,-6.0%,-2.9%,-6.9%,,,,,,
2011.07,"171,700","244,600","146,700","157,000","195,500",,-6.2%,-7.9%,-2.8%,-1.6%,-15.4%,,,,,,
2011.08,"171,200","239,300","142,100","154,100","211,300",,-3.9%,-6.0%,-3.2%,-1.9%,-5.8%,,,,,,
2011.09,"165,400","226,300","136,400","148,900","211,100",,-4.1%,-5.6%,-1.7%,-2.9%,-5.4%,,,,,,
2011.10,"161,100","222,700","132,800","144,200","201,700",,-6.1%,-8.1%,-4.4%,-5.8%,-6.7%,,,,,,
2011.11,"164,000","238,700","133,000","146,500","202,800",,-4.0%,-2.4%,-4.0%,-2.9%,-6.5%,,,,,,
2011.12,"162,600","218,900","129,400","149,600","207,800",,-4.0%,-6.5%,-7.6%,-2.4%,-1.0%,,,,,,
2012.01,"154,600","226,800","121,900","137,800","192,300",,-2.5%,-3.9%,-3.6%,-2.5%,-2.2%,,,,,,
2012.02,"156,100","223,800","120,500","141,700","197,500",,-0.5%,-2.9%,-0.1%,0.6%,0.8%,,,,,,
2012.03,"165,100","231,800","132,200","150,700","207,800",,2.8%,-1.1%,4.9%,5.1%,3.4%,,,,,,
2012.04,"174,100","233,900","140,600","156,800","228,400",,7.9%,-0.6%,6.9%,7.8%,16.0%,,,,,,
2012.05,"180,200","238,300","148,700","163,100","234,500",,6.1%,-1.0%,6.9%,7.3%,11.0%,,,,,,
2012.06,"189,600","251,800","157,500","168,600","241,100",,7.7%,-2.9%,7.7%,6.4%,14.5%,,,,,,
2012.07,"188,600","254,600","155,000","166,400","245,500",,9.8%,4.1%,5.7%,6.0%,25.6%,,,,,,
2012.08,"185,500","248,600","152,200","162,500","246,600",,8.4%,3.9%,7.1%,5.5%,16.7%,,,,,,
2012.09,"178,900","233,900","146,300","155,900","249,000",,8.2%,3.4%,7.3%,4.7%,18.0%,,,,,,
2012.10,"177,000","229,700","142,300","155,500","246,500",,9.9%,3.1%,7.2%,7.8%,22.2%,,,,,,
2012.11,"179,400","226,900","143,100","160,500","247,100",,9.4%,-4.9%,7.6%,9.6%,21.8%,,,,,,
2012.12,"180,300","228,500","141,700","163,100","249,700",,10.9%,4.4%,9.5%,9.0%,20.2%,,,,,,
2013.01,"171,100","227,000","131,400","150,800","243,200",,10.7%,0.1%,7.8%,9.4%,26.5%,,,,,,
2013.02,"173,500","236,500","130,700","154,200","240,000",,11.1%,5.7%,8.5%,8.8%,21.5%,,,,,,
2013.03,"184,500","238,700","142,600","165,400","259,000",,11.8%,3.0%,7.9%,9.8%,24.6%,,,,,,
2013.04,"192,100","245,600","149,600","171,300","268,600",,10.3%,5.0%,6.4%,9.2%,17.6%,,,,,,
2013.05,"203,600","259,400","160,700","180,800","278,100",,13.0%,8.9%,8.1%,10.9%,18.6%,,,,,,
2013.06,"214,600","268,700","171,600","190,000","284,700",,13.2%,6.7%,9.0%,12.7%,18.1%,,,,,,
2013.07,"213,000","266,100","169,500","186,900","289,300",,12.9%,4.5%,9.4%,12.3%,17.8%,,,,,,
2013.08,"209,700","267,100","165,300","181,800","289,000",,13.0%,7.4%,8.6%,11.9%,17.2%,,,,,,
2013.09,"198,500","235,100","158,400","174,900","286,100",,11.0%,0.5%,8.3%,12.2%,14.9%,,,,,,
2013.10,"197,600","243,300","154,700","172,400","285,900",,11.6%,5.9%,8.7%,10.9%,16.0%,,,,,,
2013.11,"195,300","242,600","150,800","170,500","285,100",,8.9%,6.9%,5.4%,6.2%,15.4%,,,,,,
2013.12,"197,700","237,100","152,100","175,600","286,200",,9.7%,3.8%,7.3%,7.7%,14.6%,,,,,,
2014.01,"187,900","239,700","140,500","163,600","275,000",,9.8%,5.6%,6.9%,8.5%,13.1%,,,,,,
2014.02,"188,800","233,800","141,400","167,300","279,800",,8.8%,-1.1%,8.2%,8.5%,16.6%,,,,,,
2014.03,"196,500","244,400","149,600","174,500","283,500",,6.5%,2.4%,4.9%,5.5%,9.5%,,,,,,
2014.04,"201,000","243,200","156,600","177,400","290,500",,4.6%,-1.0%,4.7%,3.6%,8.2%,,,,,,
2014.05,"212,000","254,400","167,000","187,100","297,200",,4.1%,-1.9%,3.9%,3.5%,6.9%,,,,,,
2014.06,"223,000","270,400","178,500","195,600","302,800",,3.9%,0.6%,4.0%,2.9%,6.4%,,,,,,
2014.07,"222,500","273,300","176,300","194,400","306,000",,4.5%,2.7%,4.0%,4.0%,5.8%,,,,,,
2014.08,"219,100","263,000","175,400","190,000","303,200",,4.5%,-1.5%,6.1%,4.5%,4.9%,,,,,,
2014.09,"209,600","245,000","166,600","183,500","297,700",,5.6%,4.2%,5.2%,4.9%,4.1%,,,,,,
2014.1,"208,000","246,100","164,200","181,100","298,600",,5.3%,1.2%,6.1%,5.0%,4.4%,,,,,,
2014.11,"207,900","247,400","161,800","181,700","297,700",,6.5%,2.0%,7.3%,6.6%,4.4%,,,,,,
2014.12,"209,200","242,900","159,800","187,100","299,300",,5.8%,2.4%,5.1%,6.5%,4.6%,,,,,,
2015.01,"198,600","248,400","151,700","173,500","290,500",,5.7%,3.6%,8.0%,6.1%,5.6%,,,,,,
2015.02,"203,500","244,700","153,800","181,500","290,100",,7.8%,4.7%,8.8%,8.5%,3.7%,,,,,,
2015.03,"212,100","242,000","164,100","189,500","304,000",,7.9%,-1.0%,9.7%,8.6%,7.2%,,,,,,
2015.04,"220,000","255,200","172,000","194,800","316,900",,9.5%,4.9%,9.8%,9.8%,9.1%,,,,,,
2015.05,"230,500","270,500","182,600","204,200","325,800",,8.7%,6.3%,9.3%,9.1%,9.6%,,,,,,
2015.06,"237,900","282,300","190,500","211,200","331,300",,6.7%,4.4%,6.7%,8.0%,9.4%,,,,,,
2015.07,"233,400","276,000","185,900","205,800","329,300",,4.9%,1.0%,5.4%,5.9%,7.6%,,,,,,
2015.08,"230,000","273,100","181,900","201,200","322,000",,5.0%,3.8%,3.7%,5.9%,6.2%,,,,,,
2015.09,"223,300","259,100","175,500","194,900","322,200",,6.5%,5.8%,5.3%,6.2%,8.2%,,,,,,
2015.1,"220,600","249,200","172,600","192,400","324,200",,6.1%,1.3%,5.1%,6.2%,8.6%,,,,,,
2015.11,"221,400","256,400","170,000","193,600","321,700",,6.5%,3.6%,5.1%,6.5%,8.1%,,,,,,
2015.12,"224,900","257,800","171,700","198,900","324,900",,7.5%,6.1%,7.4%,6.3%,8.6%,,,,,,
2016.01,"214,800","248,200","165,400","188,000","313,400",,8.2%,-0.1%,9.0%,8.4%,7.9%,,,,,,
2016.02,"213,600","242,600","162,700","190,500","312,300",,5.0%,-0.9%,5.8%,5.0%,7.7%,,,,,,
2016.03,"223,100","257,300","173,100","197,800","322,500",,5.2%,6.3%,5.5%,4.4%,6.1%,,,,,,
2016.04,"232,000","265,200","181,200","206,000","337,800",,5.5%,3.9%,5.3%,5.7%,6.6%,,,,,,
2016.05,"240,300","269,200","191,200","215,500","347,700",,4.3%,-0.5%,4.7%,5.5%,6.7%,,,,,,
2016.06,"249,800","286,500","199,200","223,300","355,600",,5.0%,1.5%,4.6%,5.7%,7.3%,,,,,,
2016.07,"245,100","280,100","195,200","218,500","349,600",,5.0%,1.5%,5.0%,6.2%,6.2%,,,,,,
2016.08,"241,900","275,200","192,500","214,500","350,400",,5.2%,0.8%,5.8%,6.6%,8.8%,,,,,,
2016.09,"236,900","262,400","187,200","210,100","347,400",,6.1%,1.3%,6.7%,7.8%,7.8%,,,,,,
2016.10,"235,600","256,200","182,900","209,100","351,400",,6.8%,2.8%,6.0%,8.7%,8.4%,,,,,,
2016.11,"236,000","262,900","181,300","210,400","349,700",,6.6%,2.5%,6.6%,8.7%,8.7%,,,,,,
2016.12,"234,600","252,500","178,300","213,500","346,100",,4.3%,-2.1%,3.8%,7.3%,6.5%,,,,,,
2017.01,"228,700","252,500","173,600","203,700","336,600",,6.5%,1.7%,5.0%,8.4%,7.4%,,,,,,
2017.02,"229,800","251,200","172,400","208,500","341,500",,7.6%,3.5%,6.0%,9.4%,9.3%,,,,,,
2017.03,"238,000","263,000","183,700","214,500","351,300",,6.7%,2.2%,6.1%,8.4%,8.9%,,,,,,
2017.04,"246,300","268,100","194,200","223,400","361,600",,6.2%,1.1%,7.2%,8.4%,7.0%,,,,,,
2017.05,"254,300","282,500","203,000","227,500","373,500",,5.8%,4.9%,6.2%,5.6%,7.4%,,,,,,
2017.06,"265,500","296,400","213,300","237,100","382,500",,6.3%,3.5%,7.1%,6.2%,7.6%,,,,,,
2017.07,"260,300","291,200","206,900","232,600","377,600",,6.2%,4.0%,6.0%,6.5%,8.0%,,,,,,
2017.08,"254,800","286,200","203,100","225,600","378,100",,5.3%,4.0%,5.5%,5.2%,7.9%,,,,,,
2017.09,"249,100","275,200","197,900","221,400","376,600",,5.1%,4.9%,5.7%,5.4%,8.4%,,,,,,
2017.10,"247,200","273,800","193,600","217,800","377,500",,4.9%,6.9%,5.9%,4.2%,7.4%,,,,,,
2017.11,"248,200","272,100","195,400","220,600","376,900",,5.2%,3.5%,7.8%,4.8%,7.8%,,,,,,
2017.12,"247,900","259,500","192,400","224,200","375,100",,5.7%,2.8%,7.9%,5.0%,8.4%,,,,,,
2018.01,"241,900","268,000","188,100","214,600","365,100",,5.8%,6.1%,8.4%,5.4%,8.5%,,,,,,
2018.02,"242,600","263,700","180,000","218,900","369,600",,5.6%,5.0%,4.4%,5.0%,8.2%,,,,,,
2018.03,"251,500","270,600","192,400","227,500","379,500",,5.7%,2.9%,4.7%,6.1%,8.0%,,,,,,
2018.04,"259,800","274,700","200,600","232,300","392,400",,5.5%,2.5%,3.3%,4.0%,8.5%,,,,,,
2018.05,"267,800","285,200","210,600","239,000","396,900",,5.3%,1.0%,3.7%,5.1%,6.3%,,,,,,
2018.06,"276,500","306,800","217,600","244,000","405,700",,4.1%,3.5%,2.0%,2.9%,6.1%,,,,,,
2018.07,"271,900","310,800","210,900","239,600","397,700",,4.5%,6.7%,1.9%,3.0%,5.3%,,,,,,
2018.08,"268,200","305,300","207,900","234,200","397,800",,5.3%,6.7%,2.4%,3.8%,5.2%,,,,,,
2018.09,"259,300","288,400","200,700","228,800","388,900",,4.1%,4.8%,1.4%,3.3%,3.3%,,,,,,
2018.10,"257,700","282,000","198,600","226,900","385,000",,4.2%,3.0%,2.6%,4.2%,2.0%,,,,,,
2018.11,"259,900","292,700","199,600","228,500","387,200",,4.7%,7.6%,2.1%,3.6%,2.7%,,,,,,
2018.12,"256,400","283,300","192,200","230,300","383,900",,3.4%,9.2%,-0.1%,2.7%,2.3%,,,,,,
2019.01,"251,200","280,400","191,000","220,800","378,000",,3.8%,4.6%,1.5%,2.9%,3.5%,,,,,,
2019.02,"252,000","274,100","189,900","224,300","382,400",,3.9%,3.9%,5.5%,2.5%,3.5%,,,,,,
2019.03,"261,500","277,200","201,300","232,400","392,400",,4.0%,2.4%,4.6%,2.2%,3.4%,,,,,,
2019.04,"269,100","286,200","211,000","239,900","398,900",,3.6%,4.2%,5.2%,3.3%,1.7%,,,,,,
2019.05,"280,900","304,400","222,600","248,400","413,100",,4.9%,6.7%,5.7%,3.9%,4.1%,,,,,,
2019.06,"288,500","322,500","231,700","254,200","415,900",,4.3%,5.1%,6.5%,4.2%,2.5%,,,,,,
2019.07,"283,600","305,600","228,600","250,900","412,800",,4.3%,-1.7%,8.4%,4.7%,3.8%,,,,,,
2019.08,"281,900","318,300","224,500","246,200","413,300",,5.1%,4.3%,8.0%,5.1%,3.9%,,,,,,
2019.09,"274,400","302,400","213,600","241,700","407,000",,5.8%,4.9%,6.4%,5.6%,4.7%,,,,,,
2019.10,"273,800","298,800","210,200","240,800","410,700",,6.2%,6.0%,5.8%,6.1%,6.7%,,,,,,
2019.11,"274,100","302,600","210,200","240,400","414,500",,5.5%,3.4%,5.3%,5.2%,7.1%,,,,,,
2019.12,"277,000","306,100","208,800","246,500","413,500",,8.0%,8.0%,8.6%,7.0%,7.7%,,,,,,
2020.01,"268,500","313,300","200,000","234,900","401,600",,6.9%,11.7%,4.7%,6.4%,6.2%,,,,,,
2020.02,"272,800","295,700","205,000","243,300","412,700",,8.3%,7.9%,8.0%,8.5%,7.9%,,,,,,
2020.03,"282,600","298,500","220,100","250,400","426,400",,8.1%,7.7%,9.3%,7.7%,8.7%,,,,,,
2020.04,"288,700","311,500","230,000","254,300","422,400",,7.3%,8.8%,9.0%,6.0%,5.9%,,,,,,
2020.05,"286,600","332,500","229,200","249,100","412,400",,2.0%,9.2%,3.0%,0.3%,-0.2%,,,,,,
2020.06,"297,900","337,700","237,200","262,900","437,800",,3.3%,4.7%,2.4%,3.4%,5.3%,,,,,,
2020.07,"309,500","334,600","245,900","273,900","459,800",,9.1%,9.5%,7.6%,9.2%,11.4%,,,,,,
2020.08,"314,800","353,700","249,100","275,600","463,800",,11.7%,11.1%,11.0%,11.9%,12.2%,,,,,,
2020.09,"316,000","361,100","245,700","274,500","475,600",,15.2%,19.4%,15.0%,13.6%,16.9%,,,,,,
2020.10,"317,800","363,500","243,800","278,400","479,000",,16.1%,21.7%,16.0%,15.6%,16.6%,,,,,,
2020.11,"315,600","362,500","241,700","276,000","476,000",,15.1%,19.8%,15.0%,14.8%,14.8%,,,,,,
2020.12,"313,700","369,400","236,200","276,000","475,800",,13.2%,20.7%,13.1%,12.0%,15.1%,,,,,,
