Houses Sold by Region,,,,,,,,,,
,,,,,,,,,,
(Components may not add to total because of rounding.  Number of housing units in thousands.),,,,,,,,,,
,,,,,,,,,,
Period,Sold during period,,,,,,,,,
,Not seasonally adjusted,,,,,Seasonally adjusted annual rate,,,,
,United,North-,Mid-,South,West,United,North-,Mid-,South,West
,States,east,West,,,States,east,West,,
Jan 1963,42,(NA),(NA),(NA),(NA),591,(NA),(NA),(NA),(NA)
Feb 1963,35,(NA),(NA),(NA),(NA),464,(NA),(NA),(NA),(NA)
Mar 1963,44,(NA),(NA),(NA),(NA),461,(NA),(NA),(NA),(NA)
Apr 1963,52,(NA),(NA),(NA),(NA),605,(NA),(NA),(NA),(NA)
May 1963,58,(NA),(NA),(NA),(NA),586,(NA),(NA),(NA),(NA)
Jun 1963,48,(NA),(NA),(NA),(NA),526,(NA),(NA),(NA),(NA)
Jul 1963,62,(NA),(NA),(NA),(NA),665,(NA),(NA),(NA),(NA)
Aug 1963,56,(NA),(NA),(NA),(NA),570,(NA),(NA),(NA),(NA)
Sep 1963,49,(NA),(NA),(NA),(NA),590,(NA),(NA),(NA),(NA)
Oct 1963,44,(NA),(NA),(NA),(NA),567,(NA),(NA),(NA),(NA)
Nov 1963,39,(NA),(NA),(NA),(NA),579,(NA),(NA),(NA),(NA)
Dec 1963,31,(NA),(NA),(NA),(NA),514,(NA),(NA),(NA),(NA)
Jan 1964,39,(NA),(NA),(NA),(NA),549,(NA),(NA),(NA),(NA)
Feb 1964,46,(NA),(NA),(NA),(NA),609,(NA),(NA),(NA),(NA)
Mar 1964,53,(NA),(NA),(NA),(NA),562,(NA),(NA),(NA),(NA)
Apr 1964,49,(NA),(NA),(NA),(NA),559,(NA),(NA),(NA),(NA)
May 1964,52,(NA),(NA),(NA),(NA),523,(NA),(NA),(NA),(NA)
Jun 1964,53,(NA),(NA),(NA),(NA),580,(NA),(NA),(NA),(NA)
Jul 1964,54,(NA),(NA),(NA),(NA),575,(NA),(NA),(NA),(NA)
Aug 1964,56,(NA),(NA),(NA),(NA),582,(NA),(NA),(NA),(NA)
Sep 1964,48,(NA),(NA),(NA),(NA),590,(NA),(NA),(NA),(NA)
Oct 1964,45,(NA),(NA),(NA),(NA),583,(NA),(NA),(NA),(NA)
Nov 1964,37,(NA),(NA),(NA),(NA),548,(NA),(NA),(NA),(NA)
Dec 1964,33,(NA),(NA),(NA),(NA),540,(NA),(NA),(NA),(NA)
Jan 1965,38,(NA),(NA),(NA),(NA),533,(NA),(NA),(NA),(NA)
Feb 1965,44,(NA),(NA),(NA),(NA),559,(NA),(NA),(NA),(NA)
Mar 1965,53,(NA),(NA),(NA),(NA),556,(NA),(NA),(NA),(NA)
Apr 1965,49,(NA),(NA),(NA),(NA),555,(NA),(NA),(NA),(NA)
May 1965,54,(NA),(NA),(NA),(NA),544,(NA),(NA),(NA),(NA)
Jun 1965,57,(NA),(NA),(NA),(NA),614,(NA),(NA),(NA),(NA)
Jul 1965,51,(NA),(NA),(NA),(NA),554,(NA),(NA),(NA),(NA)
Aug 1965,58,(NA),(NA),(NA),(NA),615,(NA),(NA),(NA),(NA)
Sep 1965,48,(NA),(NA),(NA),(NA),587,(NA),(NA),(NA),(NA)
Oct 1965,44,(NA),(NA),(NA),(NA),555,(NA),(NA),(NA),(NA)
Nov 1965,42,(NA),(NA),(NA),(NA),616,(NA),(NA),(NA),(NA)
Dec 1965,37,(NA),(NA),(NA),(NA),609,(NA),(NA),(NA),(NA)
Jan 1966,42,(NA),(NA),(NA),(NA),599,(NA),(NA),(NA),(NA)
Feb 1966,43,(NA),(NA),(NA),(NA),541,(NA),(NA),(NA),(NA)
Mar 1966,53,(NA),(NA),(NA),(NA),557,(NA),(NA),(NA),(NA)
Apr 1966,49,(NA),(NA),(NA),(NA),545,(NA),(NA),(NA),(NA)
May 1966,49,(NA),(NA),(NA),(NA),499,(NA),(NA),(NA),(NA)
Jun 1966,40,(NA),(NA),(NA),(NA),434,(NA),(NA),(NA),(NA)
Jul 1966,40,(NA),(NA),(NA),(NA),435,(NA),(NA),(NA),(NA)
Aug 1966,36,(NA),(NA),(NA),(NA),377,(NA),(NA),(NA),(NA)
Sep 1966,29,(NA),(NA),(NA),(NA),358,(NA),(NA),(NA),(NA)
Oct 1966,31,(NA),(NA),(NA),(NA),387,(NA),(NA),(NA),(NA)
Nov 1966,26,(NA),(NA),(NA),(NA),382,(NA),(NA),(NA),(NA)
Dec 1966,23,(NA),(NA),(NA),(NA),369,(NA),(NA),(NA),(NA)
Jan 1967,29,(NA),(NA),(NA),(NA),416,(NA),(NA),(NA),(NA)
Feb 1967,32,(NA),(NA),(NA),(NA),408,(NA),(NA),(NA),(NA)
Mar 1967,41,(NA),(NA),(NA),(NA),439,(NA),(NA),(NA),(NA)
Apr 1967,44,(NA),(NA),(NA),(NA),479,(NA),(NA),(NA),(NA)
May 1967,49,(NA),(NA),(NA),(NA),503,(NA),(NA),(NA),(NA)
Jun 1967,47,(NA),(NA),(NA),(NA),499,(NA),(NA),(NA),(NA)
Jul 1967,46,(NA),(NA),(NA),(NA),515,(NA),(NA),(NA),(NA)
Aug 1967,47,(NA),(NA),(NA),(NA),504,(NA),(NA),(NA),(NA)
Sep 1967,43,(NA),(NA),(NA),(NA),531,(NA),(NA),(NA),(NA)
Oct 1967,45,(NA),(NA),(NA),(NA),566,(NA),(NA),(NA),(NA)
Nov 1967,34,(NA),(NA),(NA),(NA),500,(NA),(NA),(NA),(NA)
Dec 1967,31,(NA),(NA),(NA),(NA),502,(NA),(NA),(NA),(NA)
Jan 1968,35,(NA),(NA),(NA),(NA),494,(NA),(NA),(NA),(NA)
Feb 1968,43,(NA),(NA),(NA),(NA),543,(NA),(NA),(NA),(NA)
Mar 1968,46,(NA),(NA),(NA),(NA),490,(NA),(NA),(NA),(NA)
Apr 1968,46,(NA),(NA),(NA),(NA),501,(NA),(NA),(NA),(NA)
May 1968,43,(NA),(NA),(NA),(NA),441,(NA),(NA),(NA),(NA)
Jun 1968,41,(NA),(NA),(NA),(NA),441,(NA),(NA),(NA),(NA)
Jul 1968,44,(NA),(NA),(NA),(NA),493,(NA),(NA),(NA),(NA)
Aug 1968,47,(NA),(NA),(NA),(NA),507,(NA),(NA),(NA),(NA)
Sep 1968,41,(NA),(NA),(NA),(NA),501,(NA),(NA),(NA),(NA)
Oct 1968,40,(NA),(NA),(NA),(NA),502,(NA),(NA),(NA),(NA)
Nov 1968,32,(NA),(NA),(NA),(NA),469,(NA),(NA),(NA),(NA)
Dec 1968,32,(NA),(NA),(NA),(NA),511,(NA),(NA),(NA),(NA)
Jan 1969,34,(NA),(NA),(NA),(NA),480,(NA),(NA),(NA),(NA)
Feb 1969,40,(NA),(NA),(NA),(NA),524,(NA),(NA),(NA),(NA)
Mar 1969,43,(NA),(NA),(NA),(NA),474,(NA),(NA),(NA),(NA)
Apr 1969,42,(NA),(NA),(NA),(NA),450,(NA),(NA),(NA),(NA)
May 1969,43,(NA),(NA),(NA),(NA),447,(NA),(NA),(NA),(NA)
Jun 1969,44,(NA),(NA),(NA),(NA),461,(NA),(NA),(NA),(NA)
Jul 1969,39,(NA),(NA),(NA),(NA),436,(NA),(NA),(NA),(NA)
Aug 1969,40,(NA),(NA),(NA),(NA),422,(NA),(NA),(NA),(NA)
Sep 1969,33,(NA),(NA),(NA),(NA),396,(NA),(NA),(NA),(NA)
Oct 1969,32,(NA),(NA),(NA),(NA),401,(NA),(NA),(NA),(NA)
Nov 1969,31,(NA),(NA),(NA),(NA),441,(NA),(NA),(NA),(NA)
Dec 1969,28,(NA),(NA),(NA),(NA),452,(NA),(NA),(NA),(NA)
Jan 1970,34,(NA),(NA),(NA),(NA),461,(NA),(NA),(NA),(NA)
Feb 1970,29,(NA),(NA),(NA),(NA),373,(NA),(NA),(NA),(NA)
Mar 1970,36,(NA),(NA),(NA),(NA),389,(NA),(NA),(NA),(NA)
Apr 1970,42,(NA),(NA),(NA),(NA),445,(NA),(NA),(NA),(NA)
May 1970,43,(NA),(NA),(NA),(NA),466,(NA),(NA),(NA),(NA)
Jun 1970,44,(NA),(NA),(NA),(NA),485,(NA),(NA),(NA),(NA)
Jul 1970,44,(NA),(NA),(NA),(NA),481,(NA),(NA),(NA),(NA)
Aug 1970,48,(NA),(NA),(NA),(NA),515,(NA),(NA),(NA),(NA)
Sep 1970,45,(NA),(NA),(NA),(NA),564,(NA),(NA),(NA),(NA)
Oct 1970,44,(NA),(NA),(NA),(NA),545,(NA),(NA),(NA),(NA)
Nov 1970,40,(NA),(NA),(NA),(NA),570,(NA),(NA),(NA),(NA)
Dec 1970,37,(NA),(NA),(NA),(NA),582,(NA),(NA),(NA),(NA)
Jan 1971,45,(NA),(NA),(NA),(NA),618,(NA),(NA),(NA),(NA)
Feb 1971,49,(NA),(NA),(NA),(NA),618,(NA),(NA),(NA),(NA)
Mar 1971,62,(NA),(NA),(NA),(NA),681,(NA),(NA),(NA),(NA)
Apr 1971,62,(NA),(NA),(NA),(NA),662,(NA),(NA),(NA),(NA)
May 1971,58,(NA),(NA),(NA),(NA),618,(NA),(NA),(NA),(NA)
Jun 1971,59,(NA),(NA),(NA),(NA),646,(NA),(NA),(NA),(NA)
Jul 1971,64,(NA),(NA),(NA),(NA),706,(NA),(NA),(NA),(NA)
Aug 1971,62,(NA),(NA),(NA),(NA),659,(NA),(NA),(NA),(NA)
Sep 1971,50,(NA),(NA),(NA),(NA),625,(NA),(NA),(NA),(NA)
Oct 1971,52,(NA),(NA),(NA),(NA),647,(NA),(NA),(NA),(NA)
Nov 1971,50,(NA),(NA),(NA),(NA),710,(NA),(NA),(NA),(NA)
Dec 1971,44,(NA),(NA),(NA),(NA),689,(NA),(NA),(NA),(NA)
Jan 1972,51,(NA),(NA),(NA),(NA),698,(NA),(NA),(NA),(NA)
Feb 1972,56,(NA),(NA),(NA),(NA),711,(NA),(NA),(NA),(NA)
Mar 1972,60,(NA),(NA),(NA),(NA),640,(NA),(NA),(NA),(NA)
Apr 1972,65,(NA),(NA),(NA),(NA),684,(NA),(NA),(NA),(NA)
May 1972,64,(NA),(NA),(NA),(NA),677,(NA),(NA),(NA),(NA)
Jun 1972,63,(NA),(NA),(NA),(NA),687,(NA),(NA),(NA),(NA)
Jul 1972,63,(NA),(NA),(NA),(NA),681,(NA),(NA),(NA),(NA)
Aug 1972,72,(NA),(NA),(NA),(NA),773,(NA),(NA),(NA),(NA)
Sep 1972,61,(NA),(NA),(NA),(NA),767,(NA),(NA),(NA),(NA)
Oct 1972,65,(NA),(NA),(NA),(NA),843,(NA),(NA),(NA),(NA)
Nov 1972,51,(NA),(NA),(NA),(NA),735,(NA),(NA),(NA),(NA)
Dec 1972,47,(NA),(NA),(NA),(NA),772,(NA),(NA),(NA),(NA)
Jan 1973,55,7,9,24,15,781,127,136,325,192
Feb 1973,60,7,11,26,16,737,108,137,312,180
Mar 1973,68,9,15,27,17,725,103,143,297,183
Apr 1973,63,9,11,26,16,661,96,115,278,172
May 1973,65,9,12,26,17,660,90,126,261,183
Jun 1973,61,9,12,25,15,650,91,132,271,156
Jul 1973,54,8,11,21,14,601,95,117,228,160
Aug 1973,52,9,10,21,13,566,101,102,222,141
Sep 1973,46,9,9,17,11,561,98,107,218,139
Oct 1973,42,8,8,17,10,565,94,106,221,144
Nov 1973,37,6,7,14,10,547,82,106,216,143
Dec 1973,30,3,6,13,7,519,56,111,218,135
Jan 1974,37,4,8,15,9,523,70,130,208,115
Feb 1974,44,5,7,17,14,539,79,95,210,156
Mar 1974,55,7,12,21,15,572,78,118,230,146
Apr 1974,53,7,11,19,16,544,77,105,202,160
May 1974,58,8,13,23,14,590,79,129,232,150
Jun 1974,50,8,8,22,12,534,74,86,243,131
Jul 1974,48,6,9,20,12,534,73,100,227,135
Aug 1974,45,6,10,17,13,492,66,100,183,144
Sep 1974,41,6,9,16,11,511,60,101,202,147
Oct 1974,34,4,6,14,10,448,52,81,184,132
Nov 1974,30,4,6,12,9,450,56,86,177,132
Dec 1974,24,4,6,10,5,417,60,103,161,94
Jan 1975,29,3,4,14,9,416,49,66,186,114
Feb 1975,34,4,6,14,9,422,65,82,174,100
Mar 1975,44,6,9,18,11,477,70,89,194,125
Apr 1975,54,6,10,23,15,543,64,96,244,139
May 1975,57,8,10,24,14,579,76,103,247,152
Jun 1975,51,8,12,17,14,557,76,132,181,169
Jul 1975,51,6,10,20,14,569,72,112,226,159
Aug 1975,53,5,11,20,16,566,56,116,223,170
Sep 1975,46,6,10,16,13,556,72,111,207,166
Oct 1975,46,7,8,19,12,609,79,119,250,162
Nov 1975,46,6,8,20,12,680,80,128,298,174
Dec 1975,39,5,7,16,11,669,85,122,255,206
Jan 1976,41,4,8,17,13,603,76,131,231,165
Feb 1976,53,5,10,21,17,644,72,128,263,182
Mar 1976,55,6,11,20,17,591,72,119,214,186
Apr 1976,62,7,14,22,19,611,73,131,228,180
May 1976,55,7,13,21,14,570,63,124,219,164
Jun 1976,56,7,11,21,18,591,63,118,225,185
Jul 1976,57,8,11,21,18,664,88,121,238,216
Aug 1976,59,6,12,24,17,648,69,125,269,185
Sep 1976,58,6,12,21,18,696,69,140,260,227
Oct 1976,55,6,9,20,19,708,75,127,266,240
Nov 1976,49,5,9,19,16,735,73,142,279,241
Dec 1976,47,5,8,19,15,767,73,143,295,257
Jan 1977,57,5,9,23,21,825,89,148,309,280
Feb 1977,68,5,12,25,26,839,73,158,318,290
Mar 1977,84,7,14,34,30,872,78,148,359,288
Apr 1977,81,9,18,30,23,799,90,167,308,234
May 1977,78,10,16,30,22,807,96,157,309,245
Jun 1977,74,9,15,27,23,805,84,162,309,251
Jul 1977,64,7,14,25,18,755,79,162,293,221
Aug 1977,74,8,16,26,23,808,89,169,291,259
Sep 1977,71,8,15,28,21,842,91,168,334,249
Oct 1977,63,7,14,24,19,819,85,178,297,259
Nov 1977,55,7,10,22,17,829,101,152,325,252
Dec 1977,51,4,10,23,14,835,72,169,344,251
Jan 1978,57,3,8,25,21,795,66,132,334,263
Feb 1978,63,6,12,23,22,791,83,159,302,248
Mar 1978,75,6,14,31,24,814,75,152,335,253
Apr 1978,85,8,17,33,27,864,85,159,338,282
May 1978,80,7,16,34,24,857,72,155,359,271
Jun 1978,77,9,11,31,26,834,90,118,343,282
Jul 1978,68,7,12,29,20,789,82,133,329,246
Aug 1978,72,7,14,26,25,756,76,140,275,265
Sep 1978,68,7,10,28,22,812,75,123,350,265
Oct 1978,70,6,14,29,21,872,63,170,359,280
Nov 1978,53,5,9,23,16,798,72,136,340,250
Dec 1978,50,6,8,22,15,805,98,135,326,245
Jan 1979,53,6,7,20,20,754,103,118,286,247
Feb 1979,58,4,9,23,22,723,54,119,300,249
Mar 1979,73,6,11,30,26,793,73,118,323,279
Apr 1979,72,7,12,32,21,748,73,114,336,225
May 1979,68,7,13,27,21,727,73,128,286,241
Jun 1979,63,7,12,26,18,700,70,128,295,207
Jul 1979,64,5,12,28,19,715,60,130,314,211
Aug 1979,68,6,10,32,20,729,65,100,350,214
Sep 1979,60,5,8,25,22,727,57,96,309,266
Oct 1979,54,7,8,25,14,670,72,100,317,181
Nov 1979,41,4,7,19,10,597,59,102,277,159
Dec 1979,35,4,4,15,11,559,56,81,232,190
Jan 1980,43,3,5,22,14,592,51,82,289,170
Feb 1980,44,4,6,21,13,541,55,84,261,141
Mar 1980,44,4,7,22,11,474,49,76,226,123
Apr 1980,36,3,7,17,9,370,35,71,172,91
May 1980,44,3,6,24,10,469,35,65,252,117
Jun 1980,50,4,7,25,14,552,39,69,287,156
Jul 1980,55,4,7,27,16,636,49,80,317,190
Aug 1980,61,6,11,28,16,659,64,108,316,171
Sep 1980,50,6,8,23,14,596,63,85,281,167
Oct 1980,46,6,8,21,11,561,63,93,269,136
Nov 1980,39,4,5,20,10,562,52,81,280,148
Dec 1980,33,3,4,18,8,532,51,76,274,131
Jan 1981,37,3,4,19,11,511,53,70,253,135
Feb 1981,40,3,4,21,12,510,45,64,270,132
Mar 1981,49,4,7,26,12,514,50,72,264,128
Apr 1981,44,5,6,22,12,470,52,61,230,127
May 1981,45,5,6,23,11,467,49,59,241,118
Jun 1981,38,5,6,18,9,415,48,64,205,97
Jul 1981,36,5,5,16,10,431,57,62,193,118
Aug 1981,34,4,6,16,8,378,40,60,185,93
Sep 1981,28,3,5,13,6,338,38,58,165,77
Oct 1981,29,2,4,14,8,356,26,52,177,101
Nov 1981,27,4,3,14,6,382,51,51,193,86
Dec 1981,29,3,2,16,8,457,46,44,240,127
Jan 1982,28,2,3,16,7,368,29,45,208,87
Feb 1982,29,4,3,14,8,365,61,41,177,85
Mar 1982,36,3,4,21,7,374,42,42,215,76
Apr 1982,32,4,3,18,7,339,43,34,189,74
May 1982,36,4,5,19,8,384,46,45,208,85
Jun 1982,34,4,5,17,9,370,36,47,191,97
Jul 1982,31,3,4,16,7,375,42,43,197,93
Aug 1982,36,3,5,18,10,407,38,51,212,106
Sep 1982,39,5,6,19,8,481,58,66,252,106
Oct 1982,40,5,4,22,9,480,54,44,264,118
Nov 1982,39,4,4,21,10,554,59,55,294,145
Dec 1982,33,4,3,17,8,521,58,60,270,133
Jan 1983,44,4,4,24,12,582,71,67,307,138
Feb 1983,46,5,4,24,13,562,68,62,290,142
Mar 1983,57,6,7,30,14,596,73,72,299,152
Apr 1983,59,7,7,30,16,638,78,75,320,166
May 1983,64,7,8,31,17,664,77,78,327,182
Jun 1983,59,9,8,30,13,651,85,77,340,148
Jul 1983,51,7,6,27,12,606,79,69,318,140
Aug 1983,50,7,6,25,12,572,77,56,302,136
Sep 1983,48,6,6,25,11,608,76,70,324,139
Oct 1983,51,7,6,27,11,632,71,69,342,149
Nov 1983,45,6,6,23,11,644,75,81,326,162
Dec 1983,48,5,4,28,11,773,82,77,440,174
Jan 1984,52,5,5,27,15,691,76,85,348,182
Feb 1984,58,5,5,31,17,696,76,76,366,178
Mar 1984,63,9,7,30,17,641,105,67,293,177
Apr 1984,61,6,9,29,17,639,61,89,312,177
May 1984,59,8,8,27,16,615,87,74,290,164
Jun 1984,58,11,7,27,13,630,111,74,301,144
Jul 1984,52,9,6,25,11,619,102,74,304,138
Aug 1984,48,9,7,21,11,567,102,73,257,136
Sep 1984,53,8,7,27,11,662,94,75,345,147
Oct 1984,55,9,6,26,13,687,104,75,336,172
Nov 1984,42,7,5,20,10,597,90,70,286,152
Dec 1984,38,5,4,19,10,597,75,81,282,159
Jan 1985,48,7,5,23,14,645,101,82,299,163
Feb 1985,55,7,6,28,14,682,108,88,334,153
Mar 1985,67,8,9,34,17,671,92,85,328,165
Apr 1985,60,8,7,30,15,620,87,70,315,148
May 1985,65,10,9,29,17,678,106,83,311,178
Jun 1985,65,11,8,30,15,722,118,83,344,177
Jul 1985,63,10,8,29,16,766,120,88,348,211
Aug 1985,61,12,8,27,14,726,140,85,329,172
Sep 1985,54,8,7,26,13,678,92,80,322,183
Oct 1985,52,8,6,24,14,655,89,78,311,177
Nov 1985,51,10,6,23,12,733,133,85,329,187
Dec 1985,47,9,5,22,11,721,135,80,334,173
Jan 1986,55,8,5,28,14,733,127,85,353,168
Feb 1986,59,9,6,26,18,728,135,83,303,206
Mar 1986,89,14,10,41,24,880,153,100,390,237
Apr 1986,84,15,11,34,25,857,170,98,346,242
May 1986,75,14,12,31,18,789,144,111,339,196
Jun 1986,66,11,8,29,18,728,111,88,324,206
Jul 1986,57,10,8,25,14,698,112,99,306,180
Aug 1986,52,9,7,23,12,621,107,74,286,154
Sep 1986,60,13,8,24,16,763,149,98,304,212
Oct 1986,54,11,8,20,15,669,124,97,268,180
Nov 1986,48,10,5,21,12,707,138,79,312,178
Dec 1986,49,9,7,20,13,784,134,128,312,210
Jan 1987,53,10,5,23,15,709,136,94,299,179
Feb 1987,59,9,9,25,17,732,127,120,290,195
Mar 1987,73,11,11,30,21,713,114,105,291,203
Apr 1987,72,10,12,29,20,735,116,112,301,205
May 1987,62,11,9,25,17,651,111,88,267,185
Jun 1987,58,9,9,24,15,637,98,99,267,173
Jul 1987,55,10,8,22,15,658,115,94,264,185
Aug 1987,56,9,8,22,16,657,111,89,263,194
Sep 1987,52,10,6,22,13,666,128,79,286,174
Oct 1987,52,10,8,19,16,650,118,95,248,190
Nov 1987,43,12,6,14,12,625,152,89,210,175
Dec 1987,37,5,6,16,11,595,75,105,243,172
Jan 1988,43,7,5,16,15,585,99,92,216,178
Feb 1988,55,8,8,24,15,663,118,110,271,164
Mar 1988,68,11,9,30,19,669,106,90,284,189
Apr 1988,68,10,10,28,19,699,109,94,294,202
May 1988,64,10,10,27,18,684,103,96,289,197
Jun 1988,65,11,9,25,20,717,119,93,284,222
Jul 1988,57,9,8,23,17,679,102,91,273,213
Aug 1988,59,8,9,25,17,688,102,99,284,203
Sep 1988,54,7,8,21,18,703,97,99,270,237
Oct 1988,57,8,9,20,19,718,95,110,272,240
Nov 1988,43,5,7,17,15,628,58,99,251,220
Dec 1988,42,7,5,17,12,658,102,94,263,199
Jan 1989,52,8,6,21,17,719,125,101,280,213
Feb 1989,51,6,8,20,17,622,87,102,237,195
Mar 1989,58,11,10,21,16,567,108,98,206,154
Apr 1989,60,7,11,24,18,608,82,100,243,184
May 1989,61,9,10,25,18,656,88,98,276,194
Jun 1989,58,7,9,23,19,642,72,98,257,214
Jul 1989,62,9,11,24,18,731,96,130,276,229
Aug 1989,61,7,9,25,20,697,94,101,278,223
Sep 1989,49,5,8,20,16,639,63,104,262,210
Oct 1989,51,7,8,20,15,645,85,102,267,191
Nov 1989,47,8,8,18,14,684,95,115,263,212
Dec 1989,40,7,5,16,13,630,88,92,248,203
Jan 1990,45,7,6,17,15,620,97,105,223,194
Feb 1990,50,4,6,23,16,591,69,73,266,183
Mar 1990,58,9,10,23,16,574,91,92,228,163
Apr 1990,52,8,10,20,14,542,88,91,215,148
May 1990,50,7,9,20,14,534,74,89,213,158
Jun 1990,50,7,9,21,13,545,75,99,228,143
Jul 1990,46,6,8,20,11,542,71,97,236,137
Aug 1990,46,5,8,21,12,528,62,90,240,137
Sep 1990,38,4,7,16,10,496,57,93,211,135
Oct 1990,37,6,6,16,9,465,72,73,206,114
Nov 1990,34,6,6,14,8,493,72,87,207,126
Dec 1990,29,5,5,13,8,464,56,86,200,121
Jan 1991,30,3,4,13,9,401,52,61,170,119
Feb 1991,40,3,8,17,12,482,51,96,201,134
Mar 1991,51,5,10,22,15,507,50,99,212,146
Apr 1991,50,5,10,22,13,508,60,89,223,136
May 1991,47,5,10,19,13,517,58,103,211,145
Jun 1991,47,5,9,19,14,516,58,95,208,155
Jul 1991,43,6,7,18,12,511,65,86,212,148
Aug 1991,46,5,8,20,13,526,62,94,222,148
Sep 1991,37,5,7,15,10,487,57,94,202,135
Oct 1991,41,6,8,17,10,524,67,103,219,135
Nov 1991,39,5,7,18,10,575,55,104,260,157
Dec 1991,36,5,5,15,11,558,64,100,228,166
Jan 1992,48,4,9,19,16,676,64,154,253,204
Feb 1992,55,4,12,22,17,639,67,132,258,182
Mar 1992,56,5,12,25,15,553,51,112,242,147
Apr 1992,53,5,11,21,16,546,52,105,220,169
May 1992,52,6,11,23,12,554,63,112,256,124
Jun 1992,53,7,9,23,13,596,75,102,264,155
Jul 1992,52,6,9,21,16,627,64,114,252,197
Aug 1992,56,6,12,22,15,636,70,136,255,174
Sep 1992,51,7,10,22,14,650,83,124,272,170
Oct 1992,48,5,9,22,14,621,56,105,285,175
Nov 1992,42,5,8,18,11,614,66,112,273,164
Dec 1992,42,6,6,18,12,650,77,118,271,184
Jan 1993,44,3,7,22,12,596,53,113,280,150
Feb 1993,50,4,9,23,14,604,68,104,275,157
Mar 1993,60,5,11,26,17,602,53,110,263,176
Apr 1993,66,9,13,28,17,701,102,121,293,185
May 1993,58,6,11,23,18,626,68,111,251,196
Jun 1993,59,6,11,26,16,653,66,120,296,171
Jul 1993,55,5,10,24,15,655,59,124,288,183
Aug 1993,57,5,10,27,16,645,56,116,294,179
Sep 1993,57,5,10,26,17,726,60,126,330,209
Oct 1993,56,5,12,24,15,704,57,145,306,196
Nov 1993,53,4,9,22,17,769,53,129,326,262
Dec 1993,51,4,11,21,14,812,51,206,329,227
Jan 1994,46,3,8,21,13,619,50,128,273,168
Feb 1994,58,3,11,25,19,686,49,135,293,209
Mar 1994,74,5,13,33,22,747,65,130,328,224
Apr 1994,65,5,13,28,18,692,62,127,310,192
May 1994,65,6,12,29,18,691,63,125,312,192
Jun 1994,55,5,11,23,16,621,54,119,263,185
Jul 1994,52,4,9,24,16,628,51,108,282,188
Aug 1994,59,7,10,24,18,656,72,112,270,201
Sep 1994,54,7,9,23,15,677,83,111,296,187
Oct 1994,57,6,11,23,16,715,67,141,302,206
Nov 1994,45,5,9,19,12,646,64,126,275,181
Dec 1994,40,4,7,20,10,629,49,113,303,165
Jan 1995,47,4,7,22,14,626,64,107,282,173
Feb 1995,47,4,9,23,11,559,58,110,265,126
Mar 1995,60,5,12,27,16,616,62,122,267,165
Apr 1995,58,5,13,24,16,621,55,128,266,173
May 1995,63,5,12,26,20,674,54,121,288,211
Jun 1995,64,7,12,26,19,725,77,131,299,219
Jul 1995,64,5,11,31,17,765,54,134,378,198
Aug 1995,63,4,12,28,19,701,49,138,309,206
Sep 1995,54,4,10,24,17,678,36,132,305,206
Oct 1995,54,5,10,25,15,696,54,131,314,198
Nov 1995,46,3,9,21,13,664,46,130,298,189
Dec 1995,45,6,7,20,12,709,83,125,306,195
Jan 1996,54,3,10,24,17,714,47,146,307,213
Feb 1996,68,5,11,31,21,769,57,137,346,228
Mar 1996,70,4,13,32,20,721,51,132,329,209
Apr 1996,70,6,13,30,21,736,60,128,326,222
May 1996,69,5,14,32,19,746,54,141,354,198
Jun 1996,65,7,12,28,18,721,77,122,320,202
Jul 1996,66,7,12,29,18,770,84,133,343,209
Aug 1996,73,8,14,33,19,826,82,173,364,207
Sep 1996,62,9,10,27,17,770,89,130,343,208
Oct 1996,56,6,9,26,15,720,77,117,334,191
Nov 1996,54,6,9,25,14,771,77,127,354,213
Dec 1996,51,6,9,23,13,805,88,148,350,220
Jan 1997,61,7,9,29,15,830,107,148,377,197
Feb 1997,69,9,10,33,18,801,96,119,382,204
Mar 1997,81,8,13,36,24,831,91,125,375,240
Apr 1997,70,8,14,30,19,744,83,134,325,202
May 1997,71,8,13,31,18,760,83,137,342,198
Jun 1997,71,7,15,31,19,793,71,157,352,213
Jul 1997,69,6,13,30,21,805,66,152,344,243
Aug 1997,72,7,12,34,19,815,73,138,383,221
Sep 1997,67,6,10,31,20,840,71,129,388,252
Oct 1997,62,5,11,28,18,800,72,133,368,227
Nov 1997,61,6,12,27,16,864,85,166,386,227
Dec 1997,51,5,9,24,13,793,76,157,354,205
Jan 1998,64,5,10,32,17,872,73,166,413,220
Feb 1998,75,8,15,30,22,866,90,187,348,241
Mar 1998,81,8,18,34,21,836,87,178,354,217
Apr 1998,82,8,16,37,22,866,87,151,401,226
May 1998,82,9,14,34,25,887,95,147,374,270
Jun 1998,83,8,17,39,21,923,82,173,433,235
Jul 1998,75,6,13,35,20,876,72,160,408,237
Aug 1998,75,7,13,34,21,846,77,149,378,243
Sep 1998,68,7,13,30,18,864,78,175,382,228
Oct 1998,69,6,13,31,20,893,77,159,399,258
Nov 1998,70,7,12,31,20,995,95,161,447,292
Dec 1998,61,5,11,29,15,949,76,186,434,252
Jan 1999,67,5,10,32,20,875,78,152,402,243
Feb 1999,76,7,14,37,18,848,78,163,406,201
Mar 1999,84,6,16,36,25,863,71,149,385,258
Apr 1999,86,7,17,36,25,918,77,169,406,266
May 1999,80,6,17,36,21,888,70,175,400,243
Jun 1999,82,6,16,37,23,923,67,171,423,262
Jul 1999,78,7,15,36,20,900,85,171,409,235
Aug 1999,78,8,16,33,21,893,94,185,380,234
Sep 1999,65,6,12,29,18,826,75,158,372,221
Oct 1999,67,5,15,28,19,872,69,189,377,237
Nov 1999,61,5,13,27,17,863,63,178,378,244
Dec 1999,57,6,9,27,16,873,83,148,393,249
Jan 2000,67,5,9,33,20,873,76,145,397,255
Feb 2000,78,7,14,37,20,856,70,163,401,222
Mar 2000,88,7,18,38,26,900,75,169,395,261
Apr 2000,78,7,14,36,22,841,75,138,399,229
May 2000,77,6,14,37,20,857,70,151,408,228
Jun 2000,71,7,14,33,17,793,73,147,380,193
Jul 2000,76,5,15,35,22,887,64,170,402,251
Aug 2000,73,6,12,33,22,848,63,144,395,246
Sep 2000,70,6,12,32,20,912,69,163,421,259
Oct 2000,71,6,13,31,20,933,87,161,420,265
Nov 2000,63,5,11,30,17,880,68,146,418,248
Dec 2000,65,5,10,31,19,983,65,173,449,296
Jan 2001,72,4,11,35,22,936,56,171,435,274
Feb 2001,85,7,14,40,25,963,70,168,447,278
Mar 2001,94,7,19,43,24,939,75,189,439,236
Apr 2001,84,7,16,38,23,909,70,163,436,240
May 2001,80,5,14,40,21,885,55,152,444,234
Jun 2001,79,5,16,37,21,882,61,171,415,235
Jul 2001,76,6,13,37,20,880,72,154,424,230
Aug 2001,74,6,13,36,20,866,65,147,423,231
Sep 2001,66,4,12,33,16,853,51,161,429,212
Oct 2001,66,5,12,33,16,871,67,153,440,211
Nov 2001,67,5,13,35,14,924,70,171,472,211
Dec 2001,66,5,10,33,18,979,73,162,464,280
Jan 2002,66,5,12,32,18,880,67,180,399,234
Feb 2002,84,6,15,40,23,948,66,173,450,259
Mar 2002,90,6,16,41,27,923,65,154,430,274
Apr 2002,86,6,17,39,25,936,58,171,438,269
May 2002,88,6,17,39,25,978,70,183,442,283
Jun 2002,84,6,15,37,26,957,71,158,442,286
Jul 2002,82,5,16,39,22,956,63,186,456,251
Aug 2002,90,5,18,43,25,"1,014",55,205,471,283
Sep 2002,82,8,15,38,21,"1,044",83,197,488,276
Oct 2002,77,5,14,35,23,"1,006",61,182,465,298
Nov 2002,73,4,16,34,20,"1,024",63,217,454,290
Dec 2002,70,4,15,34,17,"1,048",55,255,470,268
Jan 2003,76,6,12,37,22,999,77,179,459,284
Feb 2003,82,4,15,39,23,936,49,183,447,257
Mar 2003,98,9,17,47,25,999,92,170,487,250
Apr 2003,91,7,17,40,27,"1,012",75,175,473,289
May 2003,101,6,15,50,29,"1,078",72,165,519,322
Jun 2003,107,8,18,48,33,"1,193",77,196,549,371
Jul 2003,99,6,20,47,26,"1,168",83,218,557,310
Aug 2003,105,6,23,48,28,"1,206",78,256,558,314
Sep 2003,90,8,15,42,25,"1,131",88,192,523,328
Oct 2003,88,7,16,40,25,"1,144",84,195,547,318
Nov 2003,76,6,12,37,22,"1,093",88,156,527,322
Dec 2003,75,7,11,36,21,"1,129",98,180,515,336
Jan 2004,89,7,14,46,23,"1,165",103,225,545,292
Feb 2004,102,8,16,47,31,"1,159",84,192,532,351
Mar 2004,123,8,19,59,38,"1,276",86,196,620,374
Apr 2004,109,9,20,47,33,"1,186",85,212,540,349
May 2004,115,10,19,53,33,"1,241",102,206,576,357
Jun 2004,105,6,18,50,30,"1,180",74,192,575,339
Jul 2004,96,4,20,44,27,"1,088",54,219,490,325
Aug 2004,102,6,19,47,30,"1,175",65,220,551,339
Sep 2004,94,7,17,42,28,"1,214",81,222,553,358
Oct 2004,101,8,20,40,33,"1,305",104,249,537,415
Nov 2004,84,6,12,44,23,"1,179",82,159,597,341
Dec 2004,83,5,15,43,20,"1,242",66,240,616,320
Jan 2005,92,4,12,50,25,"1,203",67,186,618,332
Feb 2005,109,7,15,56,31,"1,319",85,183,697,354
Mar 2005,127,7,21,62,37,"1,328",78,215,669,366
Apr 2005,116,9,20,54,33,"1,260",99,210,597,354
May 2005,120,9,22,55,34,"1,286",91,237,593,365
Jun 2005,115,8,22,55,30,"1,274",83,231,620,340
Jul 2005,117,8,19,54,36,"1,389",100,208,645,436
Aug 2005,110,6,17,56,31,"1,255",80,195,628,352
Sep 2005,99,6,17,51,25,"1,244",62,215,643,324
Oct 2005,105,6,15,51,32,"1,336",78,186,668,404
Nov 2005,86,6,13,46,22,"1,214",85,171,636,322
Dec 2005,87,5,13,49,20,"1,239",69,201,644,325
Jan 2006,89,4,11,47,26,"1,174",65,174,600,335
Feb 2006,88,6,15,46,22,"1,061",65,187,562,247
Mar 2006,108,6,16,55,31,"1,116",59,168,584,305
Apr 2006,100,5,16,52,27,"1,123",56,168,609,290
May 2006,102,6,17,54,25,"1,086",65,177,581,263
Jun 2006,98,6,16,51,25,"1,074",63,172,561,278
Jul 2006,83,5,12,43,22,965,63,140,499,263
Aug 2006,88,7,13,49,19,"1,035",88,152,577,218
Sep 2006,80,5,11,44,20,"1,016",62,141,562,251
Oct 2006,74,3,11,40,20,941,38,136,517,250
Nov 2006,71,5,11,39,16,"1,003",66,155,545,237
Dec 2006,71,5,12,39,15,998,73,166,510,249
Jan 2007,66,4,11,38,13,891,60,165,496,170
Feb 2007,68,4,10,36,18,828,50,128,445,205
Mar 2007,80,7,12,40,21,833,88,130,413,202
Apr 2007,83,9,11,43,20,887,85,121,475,206
May 2007,79,8,14,39,19,842,83,139,420,200
Jun 2007,73,6,11,41,15,793,65,113,440,175
Jul 2007,68,4,9,36,18,778,48,105,415,210
Aug 2007,60,5,11,31,13,699,59,118,362,160
Sep 2007,53,5,8,27,14,686,63,102,350,171
Oct 2007,57,5,10,30,12,727,62,127,386,152
Nov 2007,45,4,6,25,10,641,52,90,349,150
Dec 2007,44,4,5,26,8,619,54,76,354,135
Jan 2008,44,3,5,24,11,627,50,78,342,157
Feb 2008,48,3,6,26,12,593,43,79,324,147
Mar 2008,49,2,7,28,12,535,30,75,306,124
Apr 2008,49,4,8,25,12,536,40,82,287,127
May 2008,49,3,7,27,11,504,31,73,286,114
Jun 2008,45,3,7,25,10,487,34,68,274,111
Jul 2008,43,3,6,24,11,477,39,65,257,116
Aug 2008,38,2,7,21,8,435,28,71,246,90
Sep 2008,35,2,5,20,8,433,25,62,246,100
Oct 2008,32,3,5,17,7,393,35,64,210,84
Nov 2008,27,3,4,15,6,389,39,54,207,89
Dec 2008,26,2,4,14,6,377,30,60,192,95
Jan 2009,24,2,3,14,5,336,28,52,186,70
Feb 2009,29,2,4,17,6,372,31,53,217,71
Mar 2009,31,2,4,18,7,339,21,45,198,75
Apr 2009,32,2,4,18,7,337,20,39,201,77
May 2009,34,2,5,19,9,376,26,50,210,90
Jun 2009,37,3,6,19,10,393,34,58,195,106
Jul 2009,38,4,5,20,9,411,42,57,215,97
Aug 2009,36,3,5,19,9,418,36,56,218,108
Sep 2009,30,3,5,14,8,386,35,63,192,96
Oct 2009,33,3,4,18,8,396,32,54,215,95
Nov 2009,26,2,5,14,5,375,33,73,191,78
Dec 2009,24,3,3,13,5,352,39,50,182,81
Jan 2010,24,3,4,12,5,345,40,54,171,80
Feb 2010,27,2,4,13,7,336,31,51,166,88
Mar 2010,36,3,5,19,9,381,32,55,199,95
Apr 2010,41,4,5,21,10,422,34,55,231,102
May 2010,26,3,4,14,6,280,28,41,149,62
Jun 2010,28,3,4,16,5,305,34,45,170,56
Jul 2010,26,3,4,16,4,283,28,43,167,45
Aug 2010,23,3,3,12,6,282,30,31,153,68
Sep 2010,25,3,4,12,6,317,36,50,162,69
Oct 2010,23,3,3,13,4,291,31,39,172,49
Nov 2010,20,2,2,12,4,287,22,34,162,69
Dec 2010,23,2,3,12,6,326,22,36,168,100
Jan 2011,21,2,3,11,5,307,33,42,158,74
Feb 2011,22,1,2,13,5,270,18,30,162,60
Mar 2011,28,2,3,16,7,300,23,40,164,73
Apr 2011,30,3,4,16,8,310,25,41,166,78
May 2011,28,2,4,16,7,305,18,41,173,73
Jun 2011,28,1,5,16,6,301,16,46,170,69
Jul 2011,27,2,4,15,6,296,23,44,167,62
Aug 2011,25,2,5,13,5,299,24,48,163,64
Sep 2011,24,2,4,13,5,304,19,48,170,67
Oct 2011,25,2,4,13,7,316,19,50,165,82
Nov 2011,23,1,4,13,5,328,16,54,182,76
Dec 2011,24,1,4,13,5,341,20,58,178,85
Jan 2012,23,2,3,13,5,335,24,44,190,77
Feb 2012,30,2,4,16,8,366,27,50,196,93
Mar 2012,34,3,4,20,8,354,32,42,200,80
Apr 2012,34,3,5,16,10,354,29,49,181,95
May 2012,35,3,4,18,10,370,36,45,191,98
Jun 2012,34,1,5,18,10,360,16,49,188,107
Jul 2012,33,3,5,16,9,369,31,56,180,102
Aug 2012,31,2,5,14,9,375,27,54,187,107
Sep 2012,30,3,3,16,8,385,37,35,214,99
Oct 2012,29,2,4,14,8,358,25,51,175,107
Nov 2012,28,2,3,17,6,392,32,44,221,95
Dec 2012,28,2,3,16,6,399,30,48,222,99
Jan 2013,32,2,4,16,10,446,29,56,220,141
Feb 2013,36,3,5,17,11,447,37,69,211,130
Mar 2013,41,3,5,22,11,444,37,61,234,112
Apr 2013,43,3,6,24,10,441,29,60,251,101
May 2013,40,2,7,22,10,428,27,70,236,95
Jun 2013,43,3,6,23,11,470,35,57,259,119
Jul 2013,33,3,5,17,8,375,30,53,195,97
Aug 2013,31,3,5,16,7,381,31,61,207,82
Sep 2013,31,2,5,17,7,403,25,61,222,95
Oct 2013,36,2,6,21,7,444,31,64,260,89
Nov 2013,32,2,4,19,7,446,33,57,250,106
Dec 2013,31,2,4,18,7,433,23,61,252,97
Jan 2014,33,3,3,19,8,443,30,50,247,116
Feb 2014,35,2,4,21,8,420,23,57,251,89
Mar 2014,39,2,5,23,9,405,26,55,237,87
Apr 2014,39,2,7,21,9,403,21,63,225,94
May 2014,43,3,7,22,11,451,36,74,232,109
Jun 2014,38,2,5,21,10,418,26,54,233,105
Jul 2014,35,2,5,20,8,402,22,54,226,100
Aug 2014,36,3,5,19,10,456,30,54,246,126
Sep 2014,37,3,5,20,9,470,32,59,258,121
Oct 2014,38,2,6,21,9,476,25,64,266,121
Nov 2014,31,2,4,17,8,442,31,59,229,123
Dec 2014,35,2,4,20,9,497,31,56,285,125
Jan 2015,39,1,4,23,11,515,14,64,292,145
Feb 2015,45,2,4,28,12,540,28,53,327,132
Mar 2015,46,2,5,26,13,480,20,55,274,131
Apr 2015,48,1,7,28,12,502,12,64,302,124
May 2015,47,2,6,26,13,502,26,59,281,136
Jun 2015,44,2,6,24,11,480,27,61,273,119
Jul 2015,43,2,5,24,10,506,28,62,288,128
Aug 2015,41,3,5,23,10,518,32,62,298,126
Sep 2015,35,2,5,20,8,456,20,57,264,115
Oct 2015,39,3,5,22,9,482,33,60,269,120
Nov 2015,36,2,4,20,9,504,27,64,270,143
Dec 2015,38,2,5,21,10,546,30,73,295,148
Jan 2016,39,3,4,22,10,505,33,66,283,123
Feb 2016,45,2,4,26,13,517,28,56,292,141
Mar 2016,50,3,6,29,13,532,32,64,308,128
Apr 2016,55,4,6,31,14,576,39,59,331,147
May 2016,53,3,7,29,14,571,34,73,317,147
Jun 2016,50,3,7,28,12,557,28,79,321,129
Jul 2016,54,3,7,32,12,628,36,81,364,147
Aug 2016,46,2,6,26,12,575,22,69,340,144
Sep 2016,44,3,6,25,10,558,32,74,316,136
Oct 2016,46,3,6,27,11,575,36,70,329,140
Nov 2016,40,2,5,22,11,571,30,75,302,164
Dec 2016,39,3,4,21,11,561,37,67,297,160
Jan 2017,45,3,5,26,11,578,41,69,333,135
Feb 2017,51,2,6,28,14,601,31,82,336,152
Mar 2017,61,3,7,33,17,643,42,81,344,176
Apr 2017,56,4,7,31,14,604,38,71,345,150
May 2017,57,4,6,32,16,627,45,62,352,168
Jun 2017,56,4,6,30,16,612,42,69,329,172
Jul 2017,48,4,6,26,12,553,41,67,299,146
Aug 2017,45,3,6,24,11,550,33,71,308,138
Sep 2017,50,3,6,28,12,622,40,74,347,161
Oct 2017,49,3,6,28,11,625,44,74,362,145
Nov 2017,50,3,5,27,15,718,41,78,371,228
Dec 2017,45,2,4,25,13,658,36,65,362,195
Jan 2018,48,3,6,25,14,610,33,82,315,180
Feb 2018,54,3,6,30,15,644,41,76,362,165
Mar 2018,66,3,8,37,18,680,36,84,374,186
Apr 2018,61,3,9,33,16,658,32,88,371,167
May 2018,62,3,8,36,15,680,36,84,401,159
Jun 2018,56,4,6,31,14,598,45,70,333,150
Jul 2018,52,2,6,30,14,600,24,68,341,167
Aug 2018,47,3,6,26,13,582,31,71,322,158
Sep 2018,46,2,7,26,12,584,27,83,322,152
Oct 2018,43,2,5,24,12,546,24,63,306,153
Nov 2018,44,2,5,27,10,618,31,70,369,148
Dec 2018,38,2,4,24,9,566,27,62,352,125
Jan 2019,49,2,4,29,13,628,28,63,373,164
Feb 2019,57,3,6,33,16,675,33,73,394,175
Mar 2019,68,2,8,38,20,721,27,87,398,209
Apr 2019,64,3,7,34,20,689,33,69,378,209
May 2019,56,2,7,35,12,619,23,73,388,135
Jun 2019,66,2,6,39,18,711,25,63,429,194
Jul 2019,55,3,6,34,13,636,31,69,382,154
Aug 2019,57,3,5,34,15,677,32,64,402,179
Sep 2019,56,3,5,34,13,706,34,68,429,175
Oct 2019,55,2,6,33,15,703,23,70,419,191
Nov 2019,50,2,5,29,13,700,34,79,395,192
Dec 2019,49,3,5,27,14,733,39,83,399,212
Jan 2020,59,3,7,30,19,756,32,94,386,244
Feb 2020,63,4,6,34,19,730,43,81,396,210
Mar 2020,59,2,7,35,15,623,24,73,369,157
Apr 2020,52,2,8,29,14,582,22,75,338,147
May 2020,64,3,7,38,16,704,33,74,419,178
Jun 2020,79,5,8,47,20,839,52,86,488,213
Jul 2020,85,4,11,50,20,972,42,127,559,244
Aug 2020,81,4,8,48,21,977,46,96,578,257
Sep 2020,77,3,8,45,21,971,38,97,564,272
Oct 2020,78,3,9,44,22,969,41,113,540,275
Nov 2020,61,2,7,38,14,865,34,96,523,212
Dec 2020,63,3,7,37,16,943,41,112,553,237
Jan 2021,77,4,9,45,19,993,47,124,575,247
Feb 2021,71,3,9,39,20,854,39,113,479,223
Mar 2021,86,4,12,55,15,917,51,120,594,152
Apr 2021,78,4,11,47,15,863,44,110,545,164
,,,,,,,,,,
Note: Estimates prior to 1999 include an upward adjustment of 3.3 percent made to account for ,,,,,,,,,,
houses sold in permit-issuing areas that will never have a permit authorization.,,,,,,,,,,
